name;city;adress;phone;scale;material_type
Kelly LLC;Balltown;654 Amanda Prairie;+7 199 885 0864;large;
Garcia Ltd;North Crystal;74504 Singleton Hill;+7 150 001 5394;small;fabric
Gray-Taylor;North Jeremy;547 Natasha Mission;+78517564620;big;fabric
Martin-Ware;Shawnchester;57279 Michael Court Suite 152;+75263970956;big;metal
Christian, Wilcox and Steele;Watsonview;616 Colleen Stravenue Apt. 725;89875038475;tiny;
Flynn, Gay and Smith;South Sarahland;0315 Warren Center Suite 446;8 541 628 8646;large;metal
Gonzalez, Day and Cooke;Christophertown;266 Robert Freeway Suite 078;84815625547;medium;
Stewart LLC;New Kimberlystad;383 Hall Cliffs;+7 683 067 32 23;large;plastic
Smith, Marsh and Aguilar;Lake Andreaport;758 Maxwell Rest;8 (155) 264-4328;large;
Franco, Jones and Bentley;Esparzahaven;056 Hurst Estates;8 (964) 815-4054;small;plastic
Davis LLC;Matthewsbury;31267 Buck Gateway;+7 (048) 839-10-46;tiny;plastic
Williams-Dyer;Catherinefort;6429 Klein Turnpike Suite 354;+7 (243) 147-8775;big;plastic
Miller PLC;West Shelleyland;1219 Weiss Fields;8 837 099 03 17;large;metal
Gray-Martinez;Morrismouth;388 Robertson Alley;+7 (256) 084-1131;small;metal
Mack Group;Lake Sethview;92405 Melissa Ports Apt. 950;88657989247;small;wood
York-Smith;Port Garyshire;11954 Robert Extensions Apt. 089;8 (922) 806-2135;tiny;
Hansen-Lewis;Davidtown;09481 Hale Wall;82725011904;small;metal
Cole, Osborne and Green;New James;87491 Hammond Pass Suite 163;8 (612) 549-9535;big;plastic
Woodward-Romero;Bradshawmouth;8729 Amy Fords Suite 796;83587677028;large;plastic
Wilson, Parker and Carney;Bradystad;8759 Flores Square;+7 822 064 56 22;big;plastic
Miller and Sons;Trevinoport;17597 Palmer Springs Suite 836;8 (283) 507-4982;large;
Wilson, Mendoza and Collier;Greentown;05178 Martin Dale Apt. 932;8 (249) 376-66-88;small;fabric
Ruiz Ltd;Donovanville;041 Sarah Curve;+7 631 290 1104;large;metal
Lee, Doyle and Olson;South Gailside;6314 Thomas Isle;8 499 622 03 85;small;fabric
Wallace, Arnold and Anderson;Annaburgh;7476 Candice Trafficway;+7 (908) 290-63-68;large;metal
Quinn PLC;New Michael;36430 Hess Shoal;+7 297 383 6650;large;
Morris, Parker and Francis;Desireeborough;7995 Daniel Centers Suite 124;+7 (632) 045-9083;medium;
Sellers LLC;Fitzpatrickfurt;73835 Blackwell Ridge Apt. 540;+7 (844) 445-4607;small;plastic
Olson Inc;Rosarioborough;225 Cohen Lodge Suite 449;8 (376) 896-3955;medium;wood
Simpson Ltd;Robertstown;2220 Debbie Ferry;8 (754) 594-85-25;tiny;fabric
Conrad LLC;Samuelville;138 Brock Loaf;+7 (547) 777-3143;medium;metal
Huff, Evans and Moore;Nguyenport;52013 Randy Freeway Apt. 989;8 502 212 4551;medium;wood
Melton, Hebert and Garcia;Butlertown;8652 Odonnell Turnpike Suite 205;+7 (170) 507-30-06;big;
Simmons Ltd;New Samantha;508 David Mountains Suite 595;+7 427 855 50 11;big;wood
Meza-Brooks;Robertsberg;468 Timothy Canyon;8 (145) 480-8502;medium;metal
Powell, Montes and Middleton;Ellisport;3670 Nathan Viaduct;+7 746 217 29 31;small;
Horn Group;Jenniferview;700 Gallegos Forest;+7 (518) 972-56-99;medium;wood
Humphrey PLC;South Rebeccamouth;6252 Brown Cliffs Suite 991;8 146 223 6933;big;plastic
Anderson, Herrera and George;Port Frank;758 Mendoza Well;+7 (908) 534-5349;big;metal
Mathis-Edwards;Riceton;4625 Martinez Orchard Suite 040;8 270 762 6376;big;plastic
Lee-White;Lake Robertville;942 Collins Pines;+7 055 392 2348;medium;
Williams, Sanford and Wilson;Port Rodneyside;355 Jason Views;+7 (440) 482-72-94;tiny;plastic
Donaldson PLC;Port Glen;29367 Sean Crest;+7 109 678 9277;tiny;wood
Sharp-Henry;Port Taylor;765 Ford Pike;8 (110) 667-47-24;big;plastic
Thomas, Brown and Johnson;North Nicoleburgh;37518 Kylie Ranch;8 858 663 22 46;medium;plastic
Newman-Savage;Palmerberg;85726 Pope Burg;+7 (703) 218-09-45;big;plastic
Diaz PLC;Snowbury;00239 Olson Meadow Apt. 870;8 (935) 627-92-37;medium;plastic
Schneider-Rojas;Laurenstad;3737 Wilson Views Suite 700;8 (531) 623-5950;small;plastic
Smith Group;Davisberg;5332 Copeland Loop Apt. 955;8 522 059 1980;medium;plastic
Hartman-Jones;Lake Thomastown;46355 Davis Spur;82505356449;small;fabric
Stewart-Wright;Debraside;21190 Joseph Trace Apt. 737;8 644 844 5506;small;metal
Young PLC;Port Mary;427 Rose Run;+7 312 045 67 08;small;plastic
Joseph-Lewis;Lake Josephstad;62525 Morrison Points;8 522 968 2778;tiny;metal
Williams-Munoz;Mikeport;764 Snyder Pike Suite 739;+7 (729) 416-4378;tiny;wood
Peterson-Forbes;West Nicholas;5451 Harvey Lakes Suite 586;+7 (311) 656-07-64;big;plastic
Walker, Munoz and Shaw;Tammystad;1613 Jacob Orchard;+7 524 689 61 68;big;plastic
Houston, Patel and Wright;West Ashleymouth;6334 April Loop;+75180671303;big;fabric
Ramos PLC;South Davidfort;02743 Micheal Cliff Suite 847;+7 263 723 4805;large;
Lloyd Ltd;Cruzbury;3836 Guerrero Turnpike Suite 781;80849121022;tiny;metal
Frank and Sons;West Mark;7024 Richardson River;83644938296;medium;metal
Reed-Sanchez;Port Peterside;857 Hurst Ferry Apt. 215;8 (834) 975-91-80;large;wood
Arnold-Riggs;Nguyenville;7003 Perry Flat;+71022195488;small;metal
Sutton, Kennedy and Brown;Evansshire;9957 Olson Centers Apt. 222;8 796 877 0512;medium;plastic
Brown Ltd;Clinebury;91625 Long Gateway;+7 (391) 209-96-21;tiny;
Cruz-Snyder;Cherylfurt;47052 Tate Meadow Apt. 404;8 136 241 4296;small;
Morgan Ltd;Maddoxside;26500 Hopkins Hills Suite 445;+7 (588) 971-60-42;small;metal
Tyler LLC;Joshuachester;277 Christopher Mall;+7 (959) 851-37-12;small;plastic
Hogan-Bullock;Brownview;37941 Michael Course;+70914722231;big;
Rhodes, Bradshaw and Graham;West Joshua;448 Nicole Shore;88530215441;big;plastic
Miller, Myers and Phelps;New Melissa;433 Weber Trafficway;+77580417852;tiny;
Davis-Wyatt;South Amanda;9509 Smith Islands Apt. 219;+7 465 817 8295;tiny;
Harper, Ramos and Copeland;Dawnton;5110 Melody Dale Suite 935;8 112 603 3458;big;plastic
Gordon-Chavez;New Brendamouth;8500 Sandra Grove Apt. 234;8 665 941 8265;large;
Perez-Walsh;Gonzalezchester;3170 Randall Ferry;8 (097) 238-16-22;small;wood
Tran, Cooper and Sanchez;Lake Gregoryville;43892 Vargas Brook;8 329 504 4575;big;plastic
Long PLC;Murraymouth;3785 Bell Center Apt. 337;+7 998 017 9218;big;plastic
Sims LLC;Schwartzton;203 Jaclyn Mill Suite 830;8 030 567 7557;small;metal
Malone-Smith;East Laurabury;06502 Cynthia Crest Apt. 886;8 (849) 597-3842;large;plastic
Ballard-Ochoa;Port Laura;7895 Sparks Light Suite 685;+7 (402) 187-58-15;tiny;metal
Meyer, Gilmore and Hill;Port Nathan;492 Mcdonald Field Apt. 352;85806088715;small;wood
Barrera, Blair and Gillespie;Petersonview;2461 Briggs Island Suite 967;88666231334;small;fabric
Curtis-Peters;Port Courtney;5041 Higgins Mews;8 (420) 078-9803;large;plastic
Higgins-Harvey;South Patrick;149 Herrera Locks;8 270 465 3675;tiny;
Pollard PLC;Port Mark;7283 Smith Way;8 (940) 768-1295;large;metal
Olsen PLC;Wilsonfurt;962 Robertson Summit;8 (461) 733-58-82;tiny;plastic
Smith Ltd;West Luismouth;98135 Terri Skyway;8 579 358 34 52;small;plastic
Gregory-Harrison;New Mariachester;52224 Pitts Isle;8 (526) 447-6454;large;metal
Wong Inc;Anneside;76661 Mccormick Meadows;+7 (871) 318-0654;tiny;
Reid-Bauer;North Kevinmouth;0942 Murray Summit Suite 989;87980850168;small;fabric
Rosales, Warner and Martinez;West Lindsey;06588 Ramirez Curve Apt. 885;8 (165) 371-6578;big;plastic
Sandoval, Hill and Swanson;North Matthew;83240 Hall Point;+77861925831;medium;wood
Ramos-Turner;Henrymouth;224 Palmer Wells Apt. 563;+7 (894) 842-2235;large;plastic
Mccoy, Williams and Kerr;Lake Oliviamouth;631 William Cape;8 246 648 56 97;tiny;fabric
Pollard-Alvarez;Philipton;449 James Ferry Apt. 985;8 (490) 659-4382;big;
Stephenson, Stewart and Reid;Castanedafort;6251 Kimberly Mountain;8 (558) 905-8360;large;
Torres-Pope;Boydburgh;5681 Hernandez Light Suite 467;+7 (937) 936-0444;medium;plastic
Jones Group;Lake Sandrafurt;3401 Cain Club;+7 135 879 58 78;large;wood
Murphy Group;Port Katie;127 Barnes Avenue Suite 795;8 168 597 5440;medium;plastic
Lee Group;South Miguelland;5777 Nicholas Fall;+7 557 269 03 74;medium;plastic
Harris Group;South Cindyburgh;32002 Whitehead Union;+7 (605) 346-6547;tiny;wood
Davis, Peterson and Wood;Andersonville;360 Andrea Point;+7 522 550 63 33;big;plastic
Mcdaniel LLC;North Sarah;78888 Kyle Isle;+7 761 491 8762;big;plastic
Watson, Lara and Carter;Ashleybury;2774 Gutierrez Island;8 516 552 3183;large;plastic
Hogan, Hodge and Bass;Huffmouth;4767 Steele Forges;80671834056;large;plastic
Huff-Stewart;South Paultown;110 Monica Drive Suite 527;+7 (154) 235-0941;large;plastic
Rhodes, Carpenter and Price;Sullivanport;357 Jennifer Village Suite 969;+7 (446) 526-5315;large;metal
Nichols and Sons;New Christopher;631 Theresa Parkways;+7 466 913 84 10;medium;metal
Davis Inc;Darrellmouth;243 Jennifer Valley;+7 705 218 4767;large;plastic
Wright Ltd;West Samuelside;9586 Connie Groves Apt. 310;+7 (762) 650-3589;medium;plastic
Hunter-Weaver;Lake Elizabeth;50534 Suarez Oval Apt. 267;+7 (634) 700-5612;large;wood
Hines Group;Lake Gabriellebury;191 Andrea Rapids;+7 (713) 011-30-92;tiny;metal
Miller-Jones;Cookfurt;821 Julie Station Apt. 376;80648139117;small;plastic
Reynolds-Garrett;Jessicaton;5703 Sharon Greens Suite 852;8 (749) 102-9391;large;plastic
Mcdowell-Fitzgerald;Port Deborahberg;2661 Gary Corner Suite 308;8 (464) 063-7241;big;plastic
Byrd-Jordan;Timothystad;49005 Wilson Grove;8 572 707 5151;big;metal
Maynard-Johnson;Johnstonstad;5816 David Ford Apt. 396;8 495 158 45 35;small;plastic
Moyer, Davis and Brown;South Karlbury;5231 Martin Lodge;85646796637;medium;metal
Keller-Duncan;Lake Thomas;02194 Thomas Cliffs Suite 875;8 (830) 144-77-80;big;plastic
Reyes, Sanchez and Gallagher;Lake Kurt;5162 Romero Extension;+75701695234;tiny;fabric
Petersen PLC;West Julie;762 Joseph Ford Apt. 911;+7 (201) 350-19-89;small;fabric
Smith PLC;Nguyenborough;908 Nelson Drive;+7 421 009 5306;large;plastic
Wood PLC;West Diana;5260 Tucker Villages;8 (602) 805-0553;big;plastic
Ball-Green;Andreberg;2760 Erik Brook;8 (512) 941-16-85;tiny;wood
Sullivan-Gregory;Patriciaville;6264 Julie Ramp Suite 941;+7 (089) 214-56-75;small;metal
White-Johnson;Emilybury;366 Carrillo Road;+7 (133) 613-5033;large;wood
House, Jones and Williams;Lake Martha;876 Weber Place Suite 431;8 (449) 543-3307;large;metal
Middleton, Daniels and Rodriguez;Jamieberg;5781 Yu Flats;+7 (180) 871-1562;medium;fabric
Jones, Ross and Thompson;Port John;42868 Chavez Isle Suite 837;8 581 809 97 30;big;fabric
Martin-Perry;Port Jonathan;8956 Acosta Ways Suite 755;8 (801) 695-8716;big;plastic
Nguyen, Zhang and Romero;Alexanderhaven;109 Jared Glen Apt. 067;8 429 386 24 80;tiny;wood
Ellis PLC;Lake Danielleport;6031 Johnson Walks Apt. 083;+71863889233;big;
Adams Inc;Josephport;313 Randall Well;8 124 778 84 34;tiny;metal
Bolton Inc;North Brandon;813 Munoz Fork;+7 (637) 260-9896;tiny;plastic
Bishop, Richard and Freeman;Michaelberg;1713 Myers Shores;+7 254 226 66 26;medium;wood
Zimmerman-Mcconnell;Mooreborough;6774 Beasley Courts;8 339 229 1102;tiny;
Hale-Jordan;East Michael;4386 Hayden Squares;8 554 651 57 28;small;metal
Perez, Gonzales and Harris;Port Roberthaven;7674 Dana Causeway Apt. 580;+7 767 529 3751;tiny;
Wallace Inc;Lake Amber;416 Hunt Park Apt. 935;+7 (614) 577-81-44;medium;plastic
Schultz, Fields and Mcfarland;Lake Kristina;141 Stevens Skyway;+7 438 832 16 03;tiny;metal
Young-Lozano;West Sarah;984 Ellis Curve;8 (240) 953-75-14;small;plastic
Thornton Ltd;East Melanie;42592 Sawyer Village;+7 (309) 464-9652;large;fabric
Cobb, Velasquez and Cooke;Deckerberg;68606 Olivia Estate Suite 632;8 (784) 260-2833;big;
Figueroa LLC;Grahamville;48719 Hill Summit;8 (224) 133-3858;small;wood
Gonzalez-Andrews;Rodriguezmouth;458 Antonio Motorway;8 866 382 2307;medium;
Miller Inc;West Kathryn;95264 Miller Square Suite 655;8 (918) 690-9670;medium;plastic
Reid LLC;Smithtown;131 Stone Crossing;8 (348) 091-2086;big;wood
Schultz, Ward and Fields;New Nicolefurt;95904 Johnson Freeway Apt. 973;8 642 258 75 88;big;plastic
Hawkins-Bryant;Brianview;658 James Lake Apt. 158;8 940 018 35 98;small;plastic
Keller Ltd;New Jackson;9682 Lisa Mission Suite 222;8 190 658 57 54;medium;wood
Williams-Riley;Terryview;542 David Burgs Suite 653;8 (763) 603-2643;medium;metal
Baker, White and Hensley;Lake Andrewport;70944 Mullins Causeway Suite 494;+7 (592) 884-81-09;small;metal
Thompson-Hernandez;West Michael;30655 White Vista;86971305509;large;
King, Ramirez and Hickman;Port Stephanie;7616 Davidson Summit;8 (671) 050-96-90;tiny;wood
Fitzgerald-Sullivan;South Donald;3298 Angela Underpass;+7 293 749 9360;big;metal
Vega-Lam;Goodview;038 Bell Prairie Suite 836;8 (842) 334-3158;medium;wood
Ross-Carter;West Katherinehaven;5186 Sharon Spurs Suite 887;+79863236152;small;plastic
Ortega, Navarro and Vincent;West Christopherport;21462 Brooks Loop;+7 968 022 34 37;medium;metal
Raymond-Smith;Jeremyshire;6510 Sanchez Stream Suite 971;+7 (823) 271-6080;large;
Barton, Barton and Fischer;Smithmouth;65712 Lisa Shoals Suite 466;8 (054) 986-00-58;medium;wood
Wheeler-Adams;Kaylaberg;355 Mccormick Estate Apt. 134;8 (451) 223-94-58;big;wood
Archer Group;Port Richard;2790 Ashley Garden;8 (304) 089-2957;medium;fabric
Rice LLC;Dianaberg;6585 Ward Mill;8 (396) 938-6694;tiny;wood
Mills-Miller;Lake Suzanne;8138 Crystal Spur Apt. 410;8 (280) 914-5887;medium;metal
Hernandez-Smith;Port Nicole;51149 Morales Lane;+7 881 749 76 54;small;plastic
Farley, Hernandez and Villegas;Masonborough;713 Johnson Cliffs Suite 007;+7 751 201 2543;big;
Burch Ltd;Melissachester;79819 Walsh Creek;8 019 905 5738;large;metal
Rice, George and Pugh;South Tinatown;5655 Andrew Springs Apt. 278;+7 456 496 81 97;small;fabric
Harrison Inc;Christinechester;157 Walter Expressway Apt. 843;8 090 581 5884;tiny;metal
Maxwell Inc;East Nicolestad;004 Mooney Coves Apt. 684;+7 (840) 649-97-73;medium;plastic
Jones, Morgan and Green;Valeriebury;98193 Chambers Glen Suite 663;+76089175567;large;wood
Cook Inc;West Neilville;7023 Hunter Place;85031425048;large;plastic
Thompson-Wilson;Allenfurt;425 Elliott Rapid;8 242 296 90 78;tiny;metal
Diaz-Wilkerson;Mirandaville;7944 Christopher Pines Apt. 118;8 (461) 788-09-60;big;wood
Gregory LLC;Wattsview;8594 Cantu Shore;8 562 601 05 14;large;plastic
Gilbert Ltd;Jessicaland;190 Potter Tunnel Apt. 187;+7 566 976 38 62;medium;wood
White Ltd;Port Chase;253 Lisa Valley;85692979430;small;
Gutierrez, Anthony and Trevino;Silvamouth;644 Paul Ports Suite 623;+7 (014) 394-4193;small;metal
Perez, Howard and Stephenson;Port Katherine;960 Benton Overpass;84000585643;big;plastic
King Ltd;Williamport;87439 Pamela Islands;+7 632 725 3428;small;plastic
Kerr PLC;Adamshire;85056 Cynthia Inlet Apt. 962;8 (236) 891-3027;big;fabric
Miller, Cooper and Miller;New Emily;9885 Monica Cliff;86687624592;large;wood
Ortiz-Hall;Hannahfurt;16425 Randall Gateway;81751851501;big;plastic
Ellis Ltd;East Mariah;156 Kelly Isle Suite 870;8 (172) 522-2423;large;
Moore, Warner and Blankenship;Crawfordfurt;49750 Joshua Villages Suite 818;8 (665) 180-90-17;large;metal
Alvarez-Woodard;North Jamie;67282 Sara Corners Apt. 785;+7 (268) 569-76-66;big;wood
Ramirez PLC;Port Samantha;660 Heather Overpass Suite 822;8 (885) 285-7965;large;
Cruz-Moore;South Ronaldview;547 William Wall;+7 (205) 359-26-70;small;
Miller Group;Carlaside;74522 Patrick Islands;+78350062076;big;
Ortiz, Allison and Edwards;South Shelleyton;88644 Henderson Hill Suite 688;+7 757 760 8511;tiny;plastic
Rodriguez-Davis;Lake Jonathan;707 Amber Path Suite 095;+73300115812;small;plastic
Casey-Taylor;Smithmouth;0372 Jillian Fords;86608517838;large;plastic
Aguirre, Huff and Mathews;New Cynthiaberg;014 Samantha Mountains Apt. 545;8 138 836 59 94;tiny;
Henson, Cruz and Jackson;Port Nathaniel;7575 Williams Spring Apt. 745;+7 (540) 137-3397;medium;plastic
White Ltd;West Samuel;0738 Vasquez Cove;8 (887) 611-98-31;large;metal
James, Salazar and Black;West Ryan;6134 Finley Alley;8 (706) 032-27-61;medium;plastic
Dodson, Williams and Carter;Lake Kevinburgh;8549 Joseph Burg;+7 601 870 5889;big;
Ray, Tran and Thomas;Davidside;89084 Peter Mill;+74038987852;large;metal
Cooper Group;South Claireview;165 Vega Point;85740171599;small;fabric
Jackson and Sons;Port Valerie;5227 Austin Mountain Suite 902;+7 (615) 187-1060;medium;metal
Barnett, Johnson and Hall;Marissamouth;6639 Rhodes Rest Suite 436;+73798160940;medium;metal
Ellis LLC;Ramirezport;8876 Hammond Drive Suite 327;8 804 003 03 83;large;plastic
Garcia LLC;Port Kenneth;7633 Brittney Turnpike;+7 369 185 50 88;tiny;plastic
Cox-Phillips;New Susanside;3880 Ruth Union Apt. 421;83633614122;large;
Holt, Kim and Alvarado;Tracyton;1019 Thomas Pike Apt. 185;8 (930) 294-46-77;large;fabric
Poole, Williams and Hahn;North Crystalfort;33945 Mooney Lodge Suite 440;8 530 285 20 93;big;metal
Park, Obrien and Perez;West Johnmouth;6958 Julia Walks Suite 188;8 (698) 325-41-31;tiny;plastic
Browning, Jones and Kelley;West Pedro;91395 Grant Turnpike;+7 (182) 351-0588;tiny;plastic
Alexander and Sons;Cindystad;59419 Ryan Plains Suite 872;8 006 983 6790;medium;metal
Robles, Howard and Moore;East Micheal;75739 Parker Brook Suite 550;+7 487 900 9392;small;
Hines-Rollins;Danielport;7407 Cassie Fort;8 (733) 249-58-95;big;
Hoffman LLC;Schwartzberg;27146 Christopher Shoals;8 (886) 394-36-18;large;
Gutierrez, Andrews and Clark;Davidport;622 Daisy Estates Suite 297;+79021281315;tiny;
Thompson, Watson and Peterson;West Crystal;7341 James Skyway Apt. 245;+7 149 602 19 42;big;plastic
Perez, Collins and Shields;West Kevin;03362 Stacy Plains Apt. 782;8 (856) 735-4578;tiny;wood
Elliott-Bean;Contrerasstad;539 Heidi Walks;+7 644 134 4860;medium;metal
Gonzales-Wright;Port Derrick;578 Winters Extensions;+7 (165) 818-6385;large;plastic
Marshall-Powell;Port Jonhaven;19464 Martinez Junctions;8 (371) 966-25-25;small;wood
Hayes Group;Evansberg;73193 Toni Creek Apt. 090;+7 (933) 298-1028;large;metal
Jacobs-Craig;North Mariah;55635 Jason Roads;+7 455 986 3556;medium;plastic
Cook-Morales;Lunachester;15142 Smith Rapid;8 (944) 683-8416;medium;wood
Ross, Miller and Gonzalez;Whitehaven;74754 Nolan Camp;+7 (944) 292-62-50;large;wood
Johnson, Johnson and Owens;Port Angelaton;499 Jennifer Springs Apt. 385;8 (004) 146-6017;small;metal
Williams, Cortez and Bauer;South Suzanne;310 Melanie Motorway;+72650251177;medium;plastic
Simpson-Foster;Lake Monicahaven;121 Derek Locks;8 (320) 421-52-72;small;plastic
Olsen, Schmidt and Perkins;Wilsonport;759 Ross Mews Apt. 389;8 (504) 527-8936;tiny;fabric
Davis PLC;Lake Annaside;95617 Howard Mission Apt. 146;+7 038 710 9638;medium;
Walsh, Gibson and Harris;New Kevin;1332 Maria Lake Suite 187;85767718184;medium;plastic
Hebert and Sons;Powellside;8940 Darren Hill;+7 (112) 854-7974;medium;wood
Carter, Ford and Lee;Christinechester;2104 Christina Lake;8 650 282 89 45;large;
Price Inc;South Dylan;74933 Megan Mills Suite 105;+7 468 946 89 90;small;metal
Avila, Hood and Duran;Smithmouth;882 Dominique Rest;88796729069;big;
Davis-Leblanc;West Amychester;30005 Carter Mountain;+7 743 081 4424;small;
Doyle, Smith and Carlson;Matthewstad;6993 Ball Walk;+7 959 994 1955;big;metal
Moran and Sons;South Kimberly;968 Brandon Pike;8 (897) 061-3430;tiny;plastic
Powell-Reyes;Lake Sarah;14489 Crystal Junction;+72481223715;tiny;wood
Burton, Lester and Taylor;South Christopher;91458 Stephanie Field;8 189 261 5309;medium;wood
Jones Ltd;Ashleymouth;31953 Jones Ridges Suite 280;+7 (676) 214-4034;small;wood
Cochran-Holt;South Todd;3566 Smith Skyway;+7 (563) 197-35-27;small;
Foley Group;South Steven;899 Kerr Via Apt. 545;8 581 740 89 79;small;metal
Gomez, Curtis and Moore;South Nathanmouth;2458 Timothy Gardens;86519313404;small;metal
Willis, Osborne and Flores;Owenport;5420 Regina Path Suite 969;8 632 623 48 26;big;wood
Jones, Robinson and Callahan;New Kimberly;4661 Jennings Avenue;81718367478;large;metal
Baker-Rojas;New Jamesberg;50613 Lisa Meadow;+7 (447) 107-3848;big;plastic
Cook, Alexander and Woods;West Zacharychester;2967 Lin Springs Apt. 112;8 (813) 257-1958;tiny;metal
Gonzales-Atkinson;Samanthabury;2554 Johnny Mill;8 (973) 649-8400;large;plastic
Alexander LLC;Lake Heather;55616 Austin Mount;+7 118 083 60 93;tiny;fabric
Joyce, Scott and Paul;Williamschester;75989 Andrew Center Apt. 245;+7 939 052 5743;tiny;plastic
Simpson PLC;New Hannahstad;71369 Cummings Pass;+7 034 093 52 87;big;
Robinson, Nelson and Short;Davisville;94794 Connie Lakes;8 (541) 703-32-74;medium;fabric
Thomas Ltd;New Brianside;805 Keith Estate;8 (063) 065-5984;tiny;fabric
Brown, Webster and Johnson;Lake Sandra;888 Casey Mill Apt. 322;+73448788813;large;metal
Jacobs, Ware and Perry;Brownfort;846 Martin Roads Suite 502;8 (265) 357-10-59;big;
Rowland, Doyle and Taylor;Deborahport;1626 Mcmillan Canyon;80603777811;big;plastic
Robertson PLC;Lake Michellemouth;96329 Ruiz Shore Apt. 113;+7 (584) 806-11-43;large;plastic
Gordon LLC;East Donaldmouth;0381 David Hill;86502136318;small;plastic
Harris-Salinas;Cherylport;9014 Kayla Island Apt. 946;+7 722 940 95 11;tiny;metal
Greer Group;Lake Courtney;30148 Coleman Turnpike Apt. 757;+7 (657) 175-61-94;big;
Armstrong-Patterson;Lake Tara;072 Pamela Lodge;89901753282;large;plastic
Johnson Inc;South Micheleton;95811 Walker Springs;+7 885 274 37 59;tiny;
Tucker-Jensen;West Suzanne;6921 Dennis River;+7 (671) 643-02-09;large;plastic
Reed Group;Tiffanyberg;998 Hardy Brooks;8 336 325 16 00;small;metal
Sandoval PLC;Port Lisashire;081 Clark Track;+7 (520) 501-34-84;medium;plastic
Davis-Lewis;East Lauren;73512 Danielle Shoal Apt. 803;+7 (354) 260-53-83;medium;plastic
Soto-Nichols;Wellsmouth;3538 King Passage Suite 178;+7 (848) 616-8857;medium;
Nelson PLC;Lake Michele;4520 Bender Manor;8 (889) 041-43-10;large;
Woods Group;New Joseph;81361 Acosta Squares Apt. 266;+7 (168) 244-37-05;small;
Oliver-Santiago;South Shelby;032 Barbara Flat Suite 126;+73443208115;tiny;plastic
Allen-Suarez;Harrisburgh;86964 Kelly Circle;+7 (037) 770-15-48;tiny;wood
Young-Sandoval;South Jamiemouth;230 Donald Views Suite 306;8 (935) 424-86-69;tiny;plastic
Smith, Green and Oconnor;Floresmouth;039 Sandra Station;+7 848 107 5880;medium;plastic
Price Inc;East Ariel;1047 Lewis Expressway Apt. 488;+7 351 383 9910;big;plastic
Daniels-Turner;New Pamelachester;6927 Jodi Hollow Apt. 866;8 662 973 39 46;small;wood
Drake, Garza and Tyler;North Ricky;0335 Peters Manor;8 911 387 5736;big;plastic
Flores and Sons;Port Staceyberg;62650 Phillips Haven Apt. 839;89743527818;big;
Sanders, Hansen and Leblanc;East Brettland;29548 Alexandria Mill Suite 815;+76365208283;small;metal
Oconnor-Duncan;East Sarah;26258 Craig Cove;8 (148) 975-0621;medium;metal
Sanchez, White and Mccormick;Coxview;32164 Payne Lane;8 021 659 39 36;tiny;plastic
Dickson PLC;Michaelport;2384 Michael Stravenue;8 (489) 518-34-38;medium;plastic
Rodriguez, Johnson and Williams;Powellland;0243 Jonathan Path Suite 411;+77701227597;tiny;fabric
Kelley LLC;West Richard;8304 Juan Orchard Suite 820;+77257571218;small;wood
Arnold and Sons;South Andrewville;13600 Casey Cliffs Suite 915;+7 (683) 143-7930;small;
Allen-Hooper;Aprilport;43019 Bennett Valleys Apt. 891;86552274249;medium;metal
Salinas Group;Lake Sierraville;193 Mckinney Valleys;87494676245;big;plastic
Noble, Jackson and Garrison;Aliciaville;99295 Alexandra Points;8 (489) 853-23-23;big;plastic
Monroe-Wood;Davidtown;38802 Burton Manor Apt. 252;8 (870) 632-7490;large;fabric
Bowers, Schwartz and Mitchell;Dylanside;76956 Olson Shores Suite 566;+7 912 654 8349;tiny;plastic
Rodriguez Group;Washingtonshire;9591 Gary Roads Suite 345;+7 (057) 506-2583;large;wood
Neal Inc;East Robert;8802 Catherine Route;+7 092 248 9483;small;plastic
Armstrong LLC;New Jennifer;254 Johnny Turnpike Suite 149;8 (288) 418-10-09;medium;plastic
Wagner, Avila and Perry;Port Melissa;7073 Donald Springs;+7 (460) 347-04-00;medium;plastic
Watkins-Clayton;Sanchezfurt;71608 Bruce Greens Apt. 138;+7 (535) 142-29-66;medium;plastic
Spencer and Sons;South Joshua;879 Bailey Road;+7 (200) 445-68-23;small;plastic
Collier, Walker and Brown;Janiceberg;9144 Stanley Fields Apt. 111;+7 592 483 8803;big;fabric
Gross, Lee and Williams;Amandaview;3169 Ashley Oval Apt. 952;8 230 696 52 54;large;
Guerra-Mccann;South Michael;09871 Kim Square;8 (964) 195-9795;large;
Hunter-Stewart;Caseytown;71218 Sally Way;+7 (550) 147-19-63;large;metal
Hendricks and Sons;Hoodchester;18805 Linda Street Suite 914;+77930355883;medium;plastic
Wilson, Fisher and Harrington;Brookeborough;3280 Walters Curve Apt. 911;8 382 064 9594;tiny;metal
Wallace-Washington;Sweeneyfurt;881 Joseph Corners;8 279 730 1146;large;
Maxwell-Rogers;North Sandra;139 Vega Lake;8 (753) 821-31-60;medium;wood
Richardson LLC;South Lawrenceton;2234 Veronica Views;80690004889;large;plastic
Brown-Tate;Lake Sylvia;6403 Mcintosh Rapids;8 482 349 4835;medium;plastic
Stephens Ltd;Brandonfurt;389 Calvin Inlet Apt. 994;83328967949;medium;wood
Crane-Rodriguez;Brianmouth;131 Jessica Prairie Apt. 476;8 375 767 33 68;big;
Duncan Group;Beckerhaven;39360 Russell Corner;+7 983 682 09 68;small;metal
Brown-Rasmussen;Bensonhaven;2780 Joshua Union Apt. 001;8 (731) 041-2233;medium;metal
White, Gonzalez and Green;New Courtneybury;4649 Perkins Row;+7 (666) 657-3110;tiny;metal
Roach PLC;West Chadport;504 Wendy Plains Apt. 365;+7 142 667 8094;medium;plastic
Miller, Powell and Henderson;Forbesburgh;783 Cheyenne Plains;80781433081;tiny;
Phillips Group;New Allisonfurt;85723 David Glens;+7 205 080 27 52;big;fabric
Silva-Butler;Scottview;42940 Rodriguez Glens Suite 859;+7 (738) 002-4218;large;
Bond Inc;Zimmermanmouth;2655 Sarah Course Suite 455;8 (896) 587-27-07;small;plastic
Clark, Rogers and Foster;West Cheryl;4081 Kelley Springs;8 (698) 287-14-03;small;metal
Hicks-Brooks;Raymondberg;65514 Davila Rapids Apt. 770;8 (168) 091-12-26;small;wood
Bowman, Rivera and Wilson;Laurenview;7761 Christopher Road;+7 522 449 9027;medium;metal
Bowman-Acosta;East Michellemouth;05745 Stephen Spring;+7 859 653 5558;small;fabric
Nelson, Myers and Evans;East William;88017 Schneider Tunnel;+7 (653) 775-9107;small;plastic
Ibarra, Green and Solomon;Michaelhaven;31656 Hines Viaduct Suite 541;+7 466 985 59 04;tiny;plastic
Duncan, Bell and Jackson;Port Diamond;15412 Matthew Points;+7 518 756 38 70;tiny;wood
Chaney, Collins and Hayes;Riveraside;153 Olson Haven;+77724558951;tiny;plastic
Lopez PLC;New Cindy;06091 Marsh Mills;+7 827 367 96 71;tiny;metal
Bauer, Patel and King;New Amanda;333 Pena Light;+71072170761;tiny;metal
Smith, Mays and Butler;Port Carlaport;4109 Owens Roads Apt. 179;8 (148) 566-2420;large;fabric
Bishop Ltd;New Dorothyville;6510 Hughes Mission Suite 775;+7 (602) 405-9196;medium;plastic
Rush and Sons;Claudiaville;93488 Beck Station Suite 297;+7 (629) 850-4925;small;metal
Salinas-Hunt;Leblancburgh;68903 Nunez Estates Suite 635;8 923 164 4235;small;plastic
Woodward, Carroll and Cannon;Randallton;3473 Cooley Ports;8 044 495 45 46;big;wood
West-Hanson;Port Anthony;495 Thomas Prairie;8 (787) 798-78-35;big;plastic
Johnson and Sons;Nicoleside;75622 John Pines;+73907348122;large;plastic
Lee-Middleton;New Christina;288 King Mews Apt. 513;83600099705;small;plastic
Gordon, Howard and Bishop;West Dustinfurt;01757 Johnson Roads;+73600106994;tiny;metal
Sanchez Group;Orozcoberg;359 Dean Stravenue;83722096303;big;fabric
Gonzales-Reynolds;Lake Robertton;89500 Caroline Square;8 528 179 8580;large;plastic
Scott LLC;Johnview;1170 Turner Avenue;83742758565;small;
Miller Ltd;Kristamouth;047 Brown Trafficway Suite 098;+7 047 121 72 48;medium;metal
Kerr, Tran and Ferguson;Emilyland;77293 Lloyd Trail Suite 937;8 692 457 7385;big;metal
Smith, Allen and Richardson;East Daniellehaven;7620 Moore Locks;+7 791 422 0837;big;plastic
Mitchell-Mueller;North Joshua;40402 Matthew Station Apt. 342;+78680886604;tiny;metal
Johnson Ltd;North Denisestad;7933 Patricia Run;8 (816) 061-1337;medium;plastic
Robinson, Wu and Miller;Aguilarmouth;314 Reese Plaza;8 284 109 03 74;big;wood
Davis, Price and Jones;New Johnstad;3625 Payne Points;8 738 623 5183;tiny;metal
Lopez-Deleon;South Cole;2957 Roger Islands Apt. 290;+7 (081) 489-0156;medium;wood
Washington Group;Nguyenborough;532 Cooke Groves;8 (968) 754-3300;medium;
Jones-Bell;Lake Sonia;6833 Wheeler Center;8 911 784 92 00;tiny;
Martin, Velasquez and Alexander;Jonathanview;384 Max Passage;8 246 479 4473;large;plastic
Rodgers, Harris and Davis;Aprilport;38744 Jesse Glens;+7 (992) 233-3458;medium;metal
Hall-Ruiz;East Luis;786 Brett Pine Apt. 210;8 (751) 661-5281;big;metal
Ruiz, Weeks and Mckinney;Bobbyville;7667 Andrew Center;+7 (140) 965-9165;tiny;
Lynch, Bell and Smith;North Angelachester;2319 Bruce Lakes Suite 261;80689629249;large;plastic
Santiago-Mclean;Austinton;335 Martin Villages Suite 743;+7 511 318 2322;medium;wood
Durham-Walker;West Mark;2943 Davenport Courts;8 (075) 614-39-57;big;
Fritz, Ball and Mathis;Sarahberg;4187 Nicholas Fields Apt. 212;+7 643 020 2756;big;metal
Peck, Ross and Wood;Lake Karen;6772 Parsons Ports Suite 451;8 710 668 8729;big;
Burke PLC;Hollystad;957 Carroll Hollow Apt. 919;8 (002) 044-6152;medium;metal
Hess-Crawford;Paigeland;2362 Angela Meadow;+7 316 319 77 11;small;fabric
Cunningham, Kelly and West;Blaketon;0873 Amanda Camp Apt. 386;+76763623040;big;metal
White-Medina;New William;3021 Farmer Rue Apt. 620;8 (536) 002-79-29;medium;plastic
Newton-Mitchell;East Jamie;9995 John Squares;+7 560 240 1870;small;plastic
Myers Inc;Wagnerfurt;2395 Thomas Wall;8 (229) 984-52-98;tiny;plastic
White, Sanders and Sexton;South Abigail;576 Brooks Mission;+7 045 733 1226;tiny;wood
Little-Norris;Justinville;59833 Jackson Club;+7 (482) 363-00-81;big;wood
Guerrero, Patel and Allen;Katherineburgh;8148 Frank Mission;8 (890) 107-61-45;small;wood
Wilson-Brooks;South Anthonyshire;7142 Patrick Cove Apt. 028;+71456179638;large;plastic
Rios, Garcia and Miller;Michaelmouth;11253 Jonathan Cape;+7 736 221 90 49;big;
Harris LLC;Heatherberg;832 Rivera Forest;8 615 664 94 03;small;metal
Brown-Schultz;East Kirk;5855 Tina Coves Suite 871;+7 708 071 4762;tiny;plastic
Williams, Lozano and Wilkerson;Youngberg;201 Hinton Knolls Apt. 661;+7 636 241 13 72;small;plastic
Orozco-Perez;Scottland;146 Kramer Views;+7 627 399 2705;tiny;
Shepard and Sons;East Natalieville;006 Moran Station;+7 025 357 5546;tiny;fabric
Schultz Ltd;West Casey;11272 Martin Squares;8 (179) 048-4229;small;metal
Bright LLC;Gregoryberg;85761 Anthony Prairie Apt. 173;81782304417;large;
Forbes-Coleman;Lake Catherine;67281 Robert Camp Apt. 112;8 800 093 18 25;large;fabric
Gaines LLC;West Lori;37581 Andrews Flats Suite 159;+7 (805) 290-7984;medium;
Chavez, Blake and Barton;Rowehaven;8732 Nancy Well;+7 (082) 594-0138;medium;metal
Brown, Gonzalez and Myers;Crystalside;8310 Richard Glen Suite 583;87656594068;tiny;plastic
Hayes-Gomez;Jamesberg;5072 Russell Spurs;+77608408068;medium;
Flores Ltd;West Ashleychester;7487 Wyatt Ridges;8 (194) 680-4258;small;plastic
Peterson Group;North Timothy;4615 Steven Station;+7 089 621 63 13;medium;fabric
Turner Group;New Ryanport;717 Erin Prairie;+7 (389) 940-8822;large;
Russell LLC;North Andrew;87011 Billy Port;+7 231 655 5856;small;plastic
Mitchell PLC;Hessfort;9880 Barron Island;8 670 883 2562;medium;plastic
Whitehead and Sons;East Reneefurt;2926 Philip Crossing;+7 426 934 5979;medium;metal
Vaughan-Arnold;Carmenberg;7770 Lee Corner Suite 827;+7 (119) 969-63-99;large;plastic
Moore-Williams;Barbarastad;428 Cory Burg Apt. 140;8 (786) 443-58-57;large;metal
Long, Perkins and Whitaker;Lake Caseyborough;7337 Katherine Street;8 (756) 869-29-31;large;wood
Romero-Evans;East Jamesport;49061 Rebecca Valleys Apt. 853;8 (393) 301-3761;large;wood
Harper-Lawrence;Contrerasfort;468 Davis Path Apt. 796;+7 (526) 799-16-30;large;
Lucas Ltd;South Alisonfurt;945 Mathis Court;+7 (009) 543-6738;tiny;metal
Zavala Ltd;Pettyfort;2665 Mckay Terrace;84966946312;small;plastic
Fowler-Jackson;Cruzfort;44199 Adam Track Apt. 046;8 275 261 48 26;tiny;metal
Nguyen Inc;South Christina;44398 Michael Mall Apt. 520;8 041 835 1286;large;
Fritz-Dawson;West Dawn;6619 Ashley Motorway Suite 331;8 (870) 958-57-10;big;metal
Williams and Sons;Jermaineport;72585 Mary Parks;8 277 303 91 19;medium;metal
Mccoy-Adams;Paigeview;53735 Garcia Mount;8 283 850 6331;large;metal
Petty, Farmer and Bautista;Thompsonport;6112 Thomas Plains Apt. 807;8 547 703 58 16;small;
Rodgers-Moore;West Victoriaview;1276 English Estate Apt. 343;81154041514;small;plastic
Bailey, Colon and Garcia;North Andrew;79581 Clark Drive;+7 (421) 790-8776;small;plastic
Smith Inc;Port Valeriefort;359 Michael Knoll;8 (611) 185-5457;tiny;plastic
Pace-Gordon;Thomasfurt;5016 Richardson Stravenue Apt. 724;+7 (446) 682-5026;big;metal
Bean Inc;Smithbury;2356 Donna Walk Apt. 318;8 (053) 451-1644;medium;fabric
Black-Patel;Combschester;543 Brian Valley;+76922734027;small;
Kennedy, Robinson and Hunter;Tranmouth;105 Michelle Villages Apt. 644;87066679379;large;plastic
Watson Inc;Port Nicholas;043 Craig Islands;8 091 237 8724;tiny;plastic
Miller, Lee and Reynolds;Michaelside;943 Kyle Harbor Apt. 094;+7 (319) 203-7870;tiny;wood
Mitchell, Garcia and Decker;Estesburgh;2460 Cynthia Cove Apt. 078;8 102 330 96 79;big;metal
Taylor, Patel and Austin;Medinashire;2292 Barker River Apt. 313;+7 468 353 96 30;small;
Abbott-Wright;Michaelside;31010 Timothy Green Suite 707;8 110 577 00 56;medium;metal
Robles Inc;South Chadburgh;144 James Ports Suite 454;+7 797 598 7810;tiny;wood
Ayers LLC;Claytonhaven;3153 Byrd Manor;+72797204959;large;plastic
Benson, Welch and Grant;Mayburgh;866 Jenkins Ville;8 677 380 1790;small;metal
Spears-Everett;North Anthony;957 Jackson Parkways Suite 659;8 394 349 05 63;small;
Martinez Inc;Lake Tinaview;3126 Teresa Forges Apt. 994;+7 (216) 188-48-05;large;wood
Lopez-Newman;West Melody;1531 Garner Glens Suite 293;+7 (435) 910-17-30;large;wood
Werner, Perez and Charles;Scottburgh;033 Ryan Ways Suite 008;8 (080) 032-64-59;medium;plastic
Flowers, Walker and Chen;East Brian;608 Patel Drive Suite 075;8 (939) 068-62-10;small;
Underwood, Pearson and Walls;Port Cindy;755 Thompson Villages;8 (303) 159-45-60;big;plastic
Martinez-Santos;Jacquelinetown;0782 Emily Flat;8 427 280 5965;large;plastic
Schmitt-Miller;Ashleyborough;025 Brown Village Apt. 641;+7 (134) 076-6457;medium;metal
Gonzalez Inc;North Christinaborough;68155 Alvarez Fall Apt. 902;+7 (181) 474-33-50;tiny;plastic
Barry Inc;Derrickbury;40593 George Mountain;8 (090) 450-5815;tiny;
Dixon, Campbell and Brooks;New Benjamin;3930 Jillian Terrace Apt. 866;8 (126) 884-16-64;large;fabric
Perez LLC;Steveton;37794 Michael Bypass Suite 960;8 074 848 7101;large;plastic
Rodriguez-Li;Stevenmouth;355 Melissa Station;+76122889195;tiny;plastic
Dominguez-Osborn;South Charlesfort;8381 King Lake Suite 396;+7 117 546 02 19;big;metal
Herring-Mason;Trevorview;72984 Richard Lane;82666572318;small;plastic
Baker, Gordon and Miller;Port Josephberg;3376 Young Ridges;8 (916) 032-12-53;big;metal
Adams, Clark and Mann;North Elaine;19621 Jeffrey Villages Suite 675;+7 (917) 515-6178;big;
Grant and Sons;South Kylie;6827 Daniel Road Apt. 549;+7 (092) 535-10-92;large;plastic
Johnson Inc;Crystalberg;5319 Nancy Ridge Suite 368;81195852404;large;metal
Wood and Sons;Port Ginafurt;640 Perez Crossroad;88038712975;big;fabric
Riley LLC;Chrishaven;40910 Jessica Pike Suite 109;8 (313) 950-4429;medium;
Grant, Cook and Mcdonald;East Jonathan;2716 Jonathan Gateway Apt. 098;+7 (909) 363-30-65;big;wood
Swanson-Davis;Johnville;7990 Thompson Burgs;8 (624) 167-6936;medium;plastic
Smith-Butler;Taylorport;1719 Roy Meadows Suite 584;+7 (113) 192-34-37;small;metal
Mitchell-Smith;Timothyberg;692 Green Walk;8 (669) 008-2418;tiny;plastic
Dennis, Ortiz and Jones;Jillianmouth;6138 Austin Springs;8 752 123 3503;tiny;metal
Johnston, Haynes and Harmon;South Alicia;8087 Donna Square Apt. 980;8 (503) 265-30-78;tiny;wood
Smith-Fletcher;Shannonberg;44735 Barron Place;+7 (636) 841-54-30;large;metal
Payne-Hunter;East Tammy;2794 Albert Streets Suite 164;8 (389) 048-3511;small;fabric
Scott-Beltran;West Janetchester;54985 Reese Meadow;8 (789) 283-29-92;tiny;
Mitchell-Moses;West Tylerview;2848 Bobby Ridge Apt. 263;+7 (064) 270-78-43;medium;plastic
Johnson-Mcmillan;East John;476 Daniel Village;+7 (831) 619-12-11;medium;plastic
Turner-Turner;West Andreamouth;6899 Wright Circles;+7 227 104 1491;medium;
White, Armstrong and Hickman;East Amandafurt;446 Abigail Well;+7 (978) 558-82-05;large;metal
Huff PLC;Chapmanfurt;4763 Hannah Courts;+7 (108) 374-7945;small;wood
Mayer Ltd;Christianchester;40343 Lonnie Glen Suite 904;+7 (444) 855-33-79;tiny;
Jones and Sons;South Craig;8324 Walker Village;+71335598185;big;
Nguyen PLC;Anneborough;798 Danielle Ridge;8 660 300 0474;large;
Garcia, Bender and Ferguson;Kristenburgh;84076 Maria Loaf Apt. 287;8 262 820 69 71;tiny;plastic
Garza-Taylor;Diazfurt;523 Daugherty Burg;8 (603) 206-10-29;small;metal
Blanchard-Clark;North Lorifort;61669 Christopher Pines;8 458 808 0958;big;metal
Martinez, Ramirez and Woods;Lake Josephshire;95013 Jackson Tunnel;84483974015;big;
Martinez-Williamson;North Rebeccaland;725 Ellis Causeway Apt. 335;8 (882) 441-37-81;big;wood
Perry Ltd;Travisfurt;03805 White Roads Apt. 425;+75179413645;tiny;plastic
Sanchez, Holder and Bowers;West Richard;862 Bryant Drive Apt. 173;+7 (987) 460-88-66;medium;wood
Houston, Kane and Nguyen;South Angela;0076 Strong Wall;+7 901 169 96 01;medium;metal
Smith, Williams and Ayala;West Jose;54045 Amber Spring;+7 942 568 0550;small;plastic
Lester, Wilson and Bass;Knappborough;693 Travis Mountains;86114835979;medium;metal
Byrd Ltd;Castrofort;02097 Hamilton Stream;8 (558) 868-2917;medium;plastic
Hunt, Davis and York;West Gene;8957 Robert Harbors Suite 452;+7 861 286 70 66;tiny;wood
Frey, Smith and Curry;Knoxside;42426 King Gateway Suite 462;+7 (494) 522-27-80;large;metal
Smith-Tucker;Roberthaven;25407 Brian Roads;+7 853 673 81 39;medium;plastic
Carrillo-Jackson;Harperfort;2397 Hall Green Apt. 293;+7 739 152 9115;medium;plastic
Romero-Mendoza;Danielleside;938 Bean Spur;8 (587) 603-93-69;tiny;plastic
Norman-Alvarez;Jeffreyburgh;09125 Bonilla Island Apt. 536;+7 (169) 129-3095;small;metal
Becker-Vaughan;Brandibury;48425 Danielle Trail Apt. 625;+75432451593;big;wood
Graham LLC;Martinside;43166 Heather Shore;80678158140;big;wood
Stevenson, Hampton and Cook;North Elizabethchester;112 Johnson Mission Apt. 082;+7 (996) 714-3557;medium;fabric
Johnson-Randall;Lake Andrewfort;854 Cooper Ports;+74016672808;big;wood
Gould Ltd;Salazarton;938 Shane Motorway Suite 568;+7 (609) 326-91-95;large;
Jones and Sons;South Lisaview;5850 Johnson Street Apt. 728;8 268 638 1610;large;fabric
Mitchell, Payne and King;Barberside;48228 Susan Views;8 255 456 49 74;large;fabric
Cabrera Inc;Johnsonshire;43561 Burns Mission Suite 806;+7 087 874 49 54;tiny;metal
Johnson-Cobb;Hallchester;68780 Kristi Burgs;+7 751 973 88 81;medium;plastic
Gibson-Smith;Wadeberg;22122 Elizabeth Mall;+7 208 361 7682;big;
Gomez-Sutton;Michaelton;89642 Rodriguez Highway;+7 (317) 953-4333;tiny;plastic
Mendoza LLC;Sandersstad;0003 Goodwin Road Suite 989;88713786357;big;wood
Johnson-Cobb;Gileshaven;5202 Brandon Plaza;85511353345;large;plastic
Anderson-Zhang;New Stephanie;3995 Jacob Islands;+7 (971) 263-1460;large;wood
Rodriguez-Barr;New Madison;28169 Morales Inlet;8 338 984 88 27;large;wood
Parks Group;West Leroy;9154 Schroeder Cove Suite 458;8 146 238 8450;tiny;metal
Long-Beasley;Lake Charles;714 Black Gateway;8 000 449 1958;small;plastic
Brown-Mercer;West Michaelstad;9082 Church Greens;82201176116;large;wood
Tyler, Wood and Martinez;New Heather;29343 Aguilar Shoals Suite 487;8 (121) 828-8547;large;plastic
Holmes-Jacobs;New Melanieview;1911 Hernandez Vista;+7 918 397 8189;medium;plastic
Phelps, Foster and Lester;Jeffreyview;3569 Thomas Landing Suite 397;8 940 606 86 39;big;wood
Long, Luna and Graham;East Russellland;56741 Morgan Locks Suite 265;+79570868801;large;wood
Best PLC;Craigburgh;92691 Michael Ferry;8 (878) 481-24-83;medium;plastic
Jones, Carey and Taylor;Leefort;169 Patterson Garden;8 885 527 0126;large;metal
Marquez-Smith;Mosesville;64904 Green Streets;+70550165396;medium;metal
Faulkner-Bauer;Millerborough;86275 Elizabeth Path Apt. 609;8 886 078 9676;large;wood
Bell Ltd;North Angelaview;6787 Hall Island Apt. 632;8 (752) 791-5697;small;fabric
Matthews-Anderson;Heathermouth;6876 Dawn Passage Apt. 012;8 413 645 5104;small;plastic
Kramer, Mcconnell and Lane;Powellstad;33716 Cisneros Camp Suite 025;+7 (775) 855-9446;tiny;metal
Garcia-Ruiz;New Matthew;616 Joseph Vista Suite 520;8 (166) 588-55-72;medium;metal
Thompson, Hayes and Hunter;Jeremyland;263 Shelley Brooks;+7 (151) 863-95-50;medium;plastic
Johnson-Golden;Shawside;4639 Montoya Rapids Suite 921;+7 546 694 33 20;small;plastic
Gonzalez PLC;Adkinston;92647 Taylor Drive;+7 295 867 70 31;large;plastic
Hicks Inc;Marioton;00447 Ruiz Road Apt. 345;8 929 408 9310;large;plastic
Evans, Young and Miller;Jeffreymouth;61155 Jordan Manors Apt. 341;+7 (326) 304-12-73;medium;wood
Richardson-Mcintyre;South Michaelhaven;88538 Aguirre Field;+7 016 729 68 35;large;plastic
Ward-Morgan;South Davidborough;2338 Jeffrey Trail Apt. 928;8 863 437 25 57;big;wood
Strong-Blackwell;Stevenfort;851 Patricia Ridge Suite 995;8 (191) 725-16-13;medium;plastic
Myers-Martin;Lake Bradleychester;93689 Harris Neck;8 (863) 596-4627;small;plastic
Mathis, Pham and Shelton;East Jacob;794 Anderson Row Apt. 030;8 (427) 808-26-55;large;metal
Patton-Warren;Amyshire;3744 Anthony Canyon;+7 303 587 99 18;medium;plastic
Harris-Rojas;West Wendy;12134 Huber Glen;+7 (820) 685-50-48;big;
Cochran-Gilbert;East Michaelchester;43273 John Hollow;8 (718) 135-7359;small;metal
Mccormick, Hoffman and Oconnor;New Patriciabury;6904 Charlotte Pine Apt. 442;+7 986 595 35 48;small;metal
Boyd-Castro;Lake Alyssa;9571 Montes Divide Suite 722;+73014694983;tiny;wood
Padilla-Lambert;New Glen;2440 Mark Isle;+7 (723) 762-27-60;large;fabric
Watkins and Sons;Sarahbury;98008 Ross Trail;86133456122;big;plastic
Aguirre-Reyes;South Keith;87596 Brown Port Apt. 288;+7 (126) 745-1585;large;fabric
Floyd-Cohen;East Jamesport;53469 Rodriguez Plains Suite 518;8 944 694 3149;tiny;plastic
Meyer Ltd;Thomasland;75478 Elizabeth Meadows Suite 913;8 206 750 8743;small;
Carrillo Ltd;Vaughnfort;56047 Stephen Union Apt. 604;82008787305;small;metal
Thomas LLC;Rachelmouth;601 Danny Mountain Apt. 287;8 (757) 181-76-91;small;wood
Smith, Brady and Jackson;Maryville;46481 Aaron Parks;+7 450 312 3552;tiny;
Scott-Rogers;Lake Thomas;8199 Amy Crossing Apt. 581;+7 (891) 876-4533;tiny;plastic
Lowe Group;East Andrew;30704 Jordan Via Apt. 628;+7 (120) 852-7534;big;plastic
Ware-Cooper;Laurenland;0550 Flores Cliffs;+7 495 987 58 87;small;wood
Roberts-Carpenter;Shawmouth;5766 Lynn Springs Suite 271;8 420 384 4525;small;fabric
Holmes-Vasquez;Michaeltown;2846 Stephanie Rue;82877592360;large;fabric
Heath LLC;East Jason;107 Megan Views Apt. 392;+7 078 301 3158;large;metal
Sims, Lane and Moore;Sandrachester;92043 Angela Ridges Suite 491;8 (698) 770-7058;medium;metal
Miller-Mendez;East Sheilaville;23088 Miller Springs Suite 399;8 934 403 31 16;medium;fabric
Fields, Cantrell and Massey;South Jamesview;6197 Amy Flat Suite 543;+7 859 861 3442;large;metal
Barnes, Allen and Davis;Lake Patriciashire;6114 Jacob Court;+7 (111) 302-1662;medium;plastic
Hanna, Brown and Reyes;Kingfort;25511 Mary Crossroad Apt. 896;+7 855 087 4251;tiny;plastic
Jones Ltd;Glenside;03333 Gilbert Freeway;+7 363 071 1819;large;plastic
Jones Ltd;West Michael;740 Bennett Radial;+7 (015) 892-14-15;tiny;
Brown, Goodwin and Gray;Paulahaven;785 Suzanne Trail Suite 147;89986503343;large;wood
Montoya, Ortega and Holland;Pricefort;907 Cindy Drive Apt. 218;+7 914 740 5818;tiny;wood
Ford and Sons;Sanfordstad;06209 Matthew Glens;+72325162845;large;plastic
Petersen, Hernandez and Chang;Brendaport;42539 Rodgers Village;84425950598;small;wood
Griffith Ltd;Lake Theresa;08385 Wilson Highway Apt. 661;+75917758893;large;wood
Boyd Group;Staceybury;9788 Oconnor Union Apt. 253;89406131530;medium;metal
Wright-Reynolds;South Johnville;02490 Sharon Roads Apt. 382;8 352 893 74 20;large;
Gardner, Bird and Anderson;Samuelland;55537 Chavez Trace Suite 112;8 (616) 102-04-89;small;fabric
Freeman-Walters;South Johnshire;434 Diaz Wall;+7 (007) 075-09-31;tiny;wood
Nguyen Inc;Danielstown;108 Todd Summit;8 780 360 6378;medium;metal
Lawrence-Hodges;Rebeccaberg;08496 Wilson Knolls;+76458895364;large;wood
Glenn-Salazar;West Terrimouth;8385 Luis Crossing;+7 866 478 5542;small;metal
Thompson Group;New Andrea;45272 Peter Mews Apt. 100;8 (805) 133-64-38;medium;metal
Rodriguez-Garcia;South John;91831 Hannah Orchard;+76241350369;big;wood
Wolfe, Pierce and Graham;South Elizabethtown;54832 Sarah Lake;+7 955 633 54 02;small;plastic
Chapman, Horn and Hernandez;Connerfurt;0954 Susan Forest Apt. 710;+7 (028) 713-3799;tiny;plastic
Hudson-Phillips;North Alyssa;2058 Johnson Inlet Apt. 624;+7 (547) 043-65-26;small;metal
Dudley, Martin and Macias;Gutierrezstad;0580 Massey Causeway;+7 383 977 77 57;large;plastic
Riddle-Yates;Port Alberttown;8150 Robertson Camp Suite 645;+7 215 535 92 45;large;metal
Boone LLC;Nancychester;5481 Morgan Creek Suite 983;+7 959 781 84 86;large;
Ward, Weaver and Gardner;New Jennifer;708 Fry Groves;8 (105) 050-60-82;large;metal
Adams, Adams and Hahn;East Robin;60092 Amanda Keys Apt. 051;8 454 811 5693;medium;metal
Carter-Wagner;West Alyssaton;0196 Benjamin Villages;8 (330) 477-92-99;large;metal
Malone PLC;South Karen;04033 Scott Key;8 (912) 043-3335;large;plastic
Oconnor-Huff;Basschester;1666 Kelley Well;8 717 351 7611;small;plastic
Lowery Group;Port Joanstad;5179 Nathan Roads;8 563 960 2946;medium;
Meyer, Smith and Harris;Jessicahaven;73166 Phyllis Port;+7 (050) 133-38-80;big;
Bradley-Romero;Jonathanmouth;18115 Floyd Lake Suite 213;+7 922 597 96 77;big;
Reynolds Inc;Hermanshire;927 Mary Stravenue Apt. 521;+7 (233) 471-50-68;tiny;metal
Parker, Calhoun and King;Port Michelleport;57569 Denise Spring Apt. 070;8 (303) 978-83-43;tiny;wood
Thompson-Hughes;Torresburgh;1254 Rebecca Stravenue;8 (067) 268-26-28;medium;wood
Davenport, Levy and Johnson;Lake Shirleyport;2166 Michael Plains Apt. 123;+7 471 243 2309;small;wood
Turner-Serrano;Biancaton;56832 Robert Well;84723178900;large;metal
Daniels-Bryant;Moorehaven;091 Kimberly Ferry;8 737 980 8927;tiny;plastic
Miller-Collins;Markstad;2121 Gibson Falls;+7 (984) 690-9630;small;metal
Henderson PLC;Lake Sherryfort;5439 Shelby Flats Suite 522;8 178 573 5841;small;fabric
Garcia-Byrd;Port Sara;68687 Melissa Spurs;+7 557 101 4514;medium;plastic
Carter, Cole and Padilla;Keithmouth;13338 Roberts Route;88482841349;big;
Bryant Inc;Jeffreyfort;8884 Johnson Walks Apt. 695;+7 (105) 915-32-76;big;fabric
Boyle Group;Lake John;56845 Williams Springs Suite 910;+7 (861) 806-28-60;small;wood
Garza-Duffy;Dianabury;55715 Jason Trail Suite 068;+7 697 492 4478;big;wood
Glover-Mills;Port Brendaside;7128 Joseph Run Apt. 172;+79516504768;big;plastic
Curtis Ltd;Davischester;61820 Bennett Stream;+74989573190;big;fabric
Vargas-Butler;East Nathanieltown;4563 Garza Square;+7 (461) 251-61-97;small;
Gonzalez Inc;Josephberg;10635 Hamilton Knolls Apt. 240;8 165 819 3075;medium;plastic
Wilson Ltd;Davismouth;55948 Myers Garden Suite 276;+7 989 112 2309;large;
Hudson-Alexander;New Robertmouth;30399 Dominique Junctions Suite 570;+7 (653) 228-66-77;tiny;wood
Porter Inc;Scottchester;711 Bennett Pike Apt. 147;+76974270717;big;metal
Ellison-Dixon;Port Kathy;7702 Gray Ville Apt. 809;+7 456 620 8704;large;plastic
Lynch Ltd;Andersonside;006 Moreno Squares Suite 613;+7 773 647 1298;small;metal
Mcmahon PLC;South Emilyborough;0131 Angela Lodge Apt. 950;8 (750) 033-8527;medium;plastic
Ruiz-Miles;New Lisachester;002 Fuller Neck;8 612 587 89 93;tiny;wood
Nichols LLC;Timothyshire;6430 Lee Falls Apt. 414;+7 (190) 658-52-53;big;metal
Wallace-Byrd;Stephanieport;182 Long Spur;8 (869) 573-77-37;big;metal
Gross Ltd;Moraleschester;99878 Graham Stravenue Suite 494;8 993 978 7109;big;wood
Montoya-Gomez;Thomasfort;696 Wagner Course Suite 253;85230534865;large;plastic
Clark, Pace and Daniel;North Julie;19597 Kane Overpass Suite 619;+78026375556;large;plastic
Riggs-Fuller;East Jay;9949 Elizabeth Way Suite 352;8 (810) 486-09-81;big;
Ward-Robertson;Joview;93857 Morrison Tunnel Suite 289;8 (239) 946-7945;large;
Kelley, Chen and Vasquez;Angelamouth;9293 Samantha Shore Apt. 934;+7 (502) 556-97-10;small;
Long LLC;Millsmouth;881 Anthony Drive;+7 234 162 02 22;small;wood
Mitchell-Cameron;Scottchester;201 Moreno Fork Apt. 323;+71152806667;medium;wood
Gilbert-Oconnor;North Dawn;402 Miller Fall Suite 571;+70529267725;small;
Phillips, Wolfe and Manning;West Wayneshire;1479 Ryan Cliffs Suite 006;8 014 877 04 49;medium;plastic
Jackson, Davis and Gonzalez;Anthonyview;44460 Scott Cliff Apt. 833;8 (361) 850-01-73;big;plastic
Wilson-Miller;Karenton;1201 Stacy Gateway;8 (092) 052-8432;medium;plastic
Mitchell, Hodge and Russell;Peterhaven;00759 Cox Greens;+7 222 042 6031;small;plastic
Thompson and Sons;Smithshire;446 Anderson Mountains Apt. 304;8 (132) 036-0817;small;
Evans, Brown and Salazar;North Lauraville;93324 Andrea Dale;8 (690) 214-1653;big;metal
Benson-Anderson;Mayburgh;10671 Stefanie Forest Suite 880;+78656708153;big;plastic
Jones, Steele and Hicks;Avilamouth;7349 Barker Trace Suite 584;8 (535) 730-8103;small;plastic
Wallace, Simmons and Mercado;Juarezfort;933 Michael Knolls;87533012092;small;plastic
Moore-Johnson;Cookland;08917 Davis Mission Suite 756;8 (950) 182-34-54;medium;metal
Vazquez Group;West Lisa;594 Dixon Overpass;+7 725 029 4917;big;metal
Medina, Norton and Chapman;Shanestad;5188 Pitts Well Apt. 478;8 800 353 5283;tiny;metal
Fields-Wells;New Mark;0292 Espinoza Loaf Apt. 038;8 221 719 0422;large;plastic
Bryant Group;Hurstside;727 Cortez Creek;8 570 593 72 24;tiny;plastic
Lopez-Ellis;West Lisa;3597 Whitney Islands;8 (432) 395-71-09;small;plastic
Ramsey-Roberson;North Bethtown;3768 Lindsey Freeway;8 727 189 78 80;medium;wood
Burns-Roberts;South Dannyfurt;624 Barbara Brooks;8 417 775 9758;small;wood
Thomas LLC;South Beth;51822 Mark Estate;8 (932) 872-1283;medium;plastic
Kennedy-Graves;East Georgefort;5292 Timothy Lights Suite 872;88516183324;large;metal
Brown-Shepherd;Mullinsshire;261 Stein Branch;8 771 326 7669;large;plastic
Scott, Allen and Stuart;East Chelsea;498 Floyd Union;8 (305) 004-4381;medium;plastic
Saunders-Daniel;Port Ashley;027 Gabriel Lodge Suite 571;8 943 024 80 77;large;metal
Brooks, Wise and Drake;Dustinmouth;155 Jessica Junctions Apt. 464;89270583601;small;metal
Freeman Inc;Lake Alan;9493 Adam Inlet;89111771750;small;plastic
Sparks-Stuart;Tinafurt;90889 Paula Forks;+7 524 031 9762;large;metal
Turner-Ramos;North Victorhaven;370 Kim Road Suite 843;+7 (985) 830-5036;big;fabric
Lee, Turner and Padilla;North Kelsey;247 Melody Inlet Apt. 913;86402791494;small;metal
Lewis-Park;North Jeffrey;52970 John Motorway Apt. 874;+7 736 866 6388;small;plastic
Ford, Lane and Davis;East Thomasbury;492 Brewer Trafficway Apt. 484;+7 (694) 212-3161;small;metal
Paul Inc;Port William;1578 Charles Hill Apt. 819;+7 364 073 00 54;tiny;metal
Aguirre, Tate and Walker;Dakotaborough;284 Justin Stream;8 (397) 663-1689;tiny;wood
Zuniga, Rivera and Morales;Priceville;4481 Jeffery Mountains Apt. 092;+7 (396) 038-3471;big;plastic
Pratt Ltd;Port Connorview;74969 Moore Trail;+7 110 451 82 30;tiny;wood
Torres, Cuevas and Clarke;East Jerryfort;6783 Kennedy Meadow Apt. 531;8 779 296 71 06;small;plastic
Ross PLC;Carlaland;61638 Antonio Station Apt. 530;8 (564) 971-7200;tiny;metal
Cole-Cruz;Angelaberg;8470 Nathan Roads Suite 572;+7 305 375 6942;large;plastic
Diaz PLC;South Vanessa;98477 Adam Village Apt. 331;+7 438 790 54 03;large;plastic
Lawrence PLC;Jameshaven;38775 Stacey Place;86982451883;large;plastic
Jones and Sons;Thomasfurt;91844 Russell Light;+71013376964;small;wood
Bray, Wright and Turner;South Patricia;423 Samantha Stream Apt. 640;8 666 726 1042;medium;metal
Baldwin, Nelson and Young;South Patricia;77685 Cline Motorway;8 990 352 05 07;big;
Cunningham-Lewis;West Scottchester;2982 Harris Rest;+77804119690;medium;fabric
Perez Inc;Sotoberg;30524 Caitlin Garden;82744321906;small;
House LLC;Lindashire;1206 Shepherd Plaza;+7 908 049 3269;medium;metal
Haynes, Johnson and Brewer;New Michaelberg;91957 Justin Station;8 499 956 97 41;small;plastic
Vasquez LLC;East Shannonton;849 Rachel Wall Apt. 748;8 (481) 420-01-31;tiny;plastic
Sanchez Group;Lake Jennifershire;0419 Mahoney Springs Suite 563;8 (394) 707-04-97;medium;metal
Jackson-Sutton;Tylerland;775 James Isle;+78072082158;tiny;fabric
Welch Ltd;West Davidfort;3998 Davis Lane Apt. 846;+7 (454) 538-70-06;tiny;metal
Hale-Brown;Duffyport;997 Adrienne Prairie Suite 240;+7 750 088 3834;tiny;plastic
Cohen-Macias;Brewerstad;54208 Russell Green;+7 (805) 784-2716;large;plastic
Martinez Inc;West Isabella;42825 Robertson Avenue;8 (828) 616-0712;big;metal
Fox-Compton;Tammyland;5239 Parker Trail;+7 (374) 633-3653;tiny;metal
Gomez, Ramirez and Houston;Mitchellville;67591 Alec Mission Apt. 246;+79931258555;small;plastic
Lam, Walton and Greene;New Nathan;903 Antonio Passage Suite 536;8 861 450 2444;small;plastic
Green, Richardson and Williams;New Jackside;45193 Victoria Locks Apt. 332;+7 (162) 902-6620;big;metal
George Group;Johnsonberg;299 Brittney Overpass Suite 319;+7 907 161 40 28;small;fabric
Johnson, Henry and Frank;New Daniel;451 Lisa Streets;+7 (202) 084-6258;small;fabric
Everett, Butler and Decker;Sloanmouth;634 Brooke Mountain Suite 332;+7 742 069 1642;large;
Contreras, Snyder and Martinez;North Micheal;323 Martin Alley;82245281480;medium;fabric
Sampson PLC;South Steven;1970 Alexis Neck Suite 806;88781871942;small;metal
Perez and Sons;North Gabriela;6899 Danielle Junctions;8 279 975 4724;small;wood
Parker-Henderson;Taraborough;60889 Davidson Squares;+7 (255) 059-0169;medium;metal
Coleman, Schroeder and Stephens;West Elizabeth;5128 Darius Shore;8 821 400 9985;tiny;wood
Johnson and Sons;Mercadotown;3383 Jennifer Crossing Apt. 908;+7 047 702 0638;big;
Patel-Hammond;East Jasonshire;966 Hodge Path;85982647801;large;fabric
Alvarez Inc;Rangelberg;12708 Tran Views Apt. 809;8 494 190 3040;small;plastic
Davis Inc;Justinhaven;43600 Taylor Drive Suite 263;+7 (950) 712-0736;tiny;metal
Lang, Barker and Stone;North Matthewfurt;159 Shawn Wells Apt. 206;+7 (957) 635-4930;large;
Cook-Johnson;Lisatown;0639 Ricardo Run;+7 356 666 10 80;big;plastic
Reynolds Group;Ricemouth;66357 Rodriguez Highway;+7 072 797 65 11;big;plastic
Jones Group;New Cheryl;9388 Holmes Harbor;+77337220771;big;
Hernandez, Hammond and Davidson;Williamston;830 Brooks Cliff Suite 452;+70309203827;tiny;metal
Silva LLC;Colonfurt;887 Reeves Falls Suite 435;+77091563838;tiny;wood
Vasquez, Boyle and Holt;South Caitlynmouth;677 Greene Trail Apt. 027;+71084732782;small;metal
Melton LLC;Elizabethshire;58506 Joshua Forges Suite 905;8 (367) 369-0207;big;plastic
Velazquez Ltd;Wilsonstad;1281 Hill Pass Suite 442;8 211 846 43 91;tiny;metal
Kent-Mendoza;East Stephanie;72672 Bright Vista;8 622 387 60 57;tiny;wood
Wise-Lopez;Port Joseph;42545 Connie Islands Suite 088;83599125726;big;plastic
Perry LLC;Hillfurt;3430 Villa Ranch Apt. 990;+7 928 639 6990;tiny;
Shaw, Robinson and Smith;West Brittanychester;4803 Jean Haven;+7 (062) 104-1293;small;metal
Garcia-Smith;Fosterside;983 Jacqueline Harbor;+7 294 202 2518;big;metal
Flores PLC;Olsonmouth;9940 Alan Gardens;+77220256969;tiny;fabric
Anderson-Mata;West Tommy;9136 Molly Prairie;8 (063) 798-3326;medium;
Gutierrez, Buchanan and Campbell;West Wendy;31019 Crawford Turnpike;87789320024;large;plastic
Austin, Swanson and Green;Schwartzmouth;11187 George Path;8 324 938 22 99;small;plastic
Wood-Perkins;Harrisonfurt;19546 David Mountains;8 (057) 789-6399;tiny;wood
Green, Mcgee and Smith;Larsonmouth;18777 Walsh Shoals Apt. 373;8 (218) 045-75-15;big;metal
Roberts Group;Jenniferfort;4997 Bradford Villages Suite 366;8 153 657 84 01;tiny;
Sanchez PLC;Jasonfort;9893 Fleming Cape;+7 424 231 25 62;medium;metal
Summers, Downs and Alexander;Barbaraview;59795 Kelley Mountain Suite 028;+7 677 064 9708;big;
Mccall, Brown and Middleton;Russellville;608 Morton Forks;8 912 729 9637;small;wood
Boone Inc;Hallton;322 Morris Pass;+72424295299;large;metal
Stanley-Hurley;Brandiburgh;884 Robert Stravenue Apt. 594;86299425788;big;plastic
Johnson LLC;Edwardsview;1355 Matthew Stravenue Apt. 112;+7 519 764 30 16;small;metal
Wells LLC;Port Tiffanybury;01730 Williams Forks Apt. 515;+7 103 104 1814;tiny;
Martinez Inc;Schmittville;91675 Hoffman Squares Apt. 656;8 568 059 78 03;small;plastic
Williamson-Crawford;Mayport;3119 Becker Lights Apt. 870;8 (906) 233-61-26;large;metal
Johnson-Craig;New Justin;58733 Charles Tunnel;8 225 400 6553;medium;plastic
Edwards, Allen and Garcia;New Dean;47119 Regina Vista Suite 804;+7 (456) 980-2708;big;wood
Bartlett, Chapman and Hanson;Leonview;40270 Robert Squares;+7 (774) 134-74-83;tiny;plastic
Osborne, Simon and Duffy;Philiphaven;453 Collins Wall;8 061 436 51 02;tiny;metal
Morales LLC;Jessicaside;49027 Austin Shoal;+7 918 142 3662;medium;metal
Smith Inc;Port Jeffrey;9258 Young Run;8 (996) 086-94-41;large;plastic
Ryan, Garrett and Hunt;East Ethan;0163 Carlos Isle Suite 007;+70404885273;tiny;
Strong-Pennington;Port Evanburgh;83979 Katrina Village Suite 166;+76438040467;tiny;wood
Carney, Koch and Jones;Jasonbury;6833 Thomas Views Suite 862;+7 (439) 184-90-59;big;
Munoz, Thompson and Strong;Lake Melissaburgh;0017 Scott Inlet Apt. 593;+7 885 475 43 67;tiny;metal
Cooper, Russell and Ballard;North Joyshire;574 Maxwell Lodge Apt. 628;8 221 635 3623;big;wood
Keller-Johns;South Huntertown;68410 Kimberly Lodge Suite 057;+7 547 177 03 92;large;wood
Phillips, Martinez and Johnson;Sanchezchester;4380 Berg Lakes;+7 (496) 645-1454;medium;plastic
Barker-Watson;Bryantbury;43787 Joseph Green Suite 789;+7 (809) 183-5529;medium;fabric
Welch, Evans and Thornton;Lindamouth;6038 Brandy Unions Apt. 010;8 (685) 040-1059;tiny;plastic
Ortiz, Ramirez and Gaines;Lake George;0900 Brown Glens;8 (006) 295-6849;small;plastic
Wheeler, Maxwell and Johnson;Port Melissahaven;3980 Gregory Shoals Suite 457;+7 842 182 52 64;tiny;fabric
Gonzalez Ltd;Michealfort;354 Sarah Fields Suite 952;8 (854) 976-5740;tiny;plastic
Sawyer Inc;Port Heatherside;1158 Debra Falls Apt. 060;+7 (779) 643-7704;large;metal
Pittman-Hill;Karenport;432 Donna Road Suite 947;+7 (122) 586-6756;big;
Fernandez Group;South Rachelport;7385 Michael Branch Apt. 730;+7 (566) 132-5071;big;plastic
Anderson, Berry and Marquez;West Sandrashire;634 Margaret Vista Suite 595;+7 174 789 2925;tiny;plastic
Hughes-Brown;South Xavierberg;3471 Webb Courts Suite 128;+73813665917;big;metal
Estrada LLC;North Jeffreyhaven;51013 Christina Gateway Apt. 990;87261618531;tiny;metal
Frazier-Cole;West Scottfort;80067 Silva Squares Apt. 701;8 (424) 843-83-05;medium;
Parks-Barton;Lake Patriciafort;477 Jamie Tunnel;8 811 133 4017;big;plastic
Lambert-Miller;Lake Stephen;321 Ryan Pass Suite 976;8 008 989 96 36;tiny;
Harris and Sons;Port Georgeside;58978 Lisa Keys;+7 (686) 357-7147;medium;plastic
Butler, Flores and Beasley;North Richardborough;4298 Brown Views;8 (921) 624-5733;medium;plastic
Smith Group;Pruitthaven;02627 Castro Mission Suite 017;+7 (793) 454-68-00;large;plastic
Smith-Boyle;East Matthew;5896 Melissa Village;+7 (088) 344-89-77;large;metal
Jensen Inc;Lake Amandahaven;4415 Vincent Street Suite 263;+7 241 384 7936;big;plastic
Perez, Parks and Rivera;South Paul;4321 Michael Trail Apt. 802;+77352084914;big;plastic
Gibson, Barrera and Hensley;South Michaelshire;4096 Kimberly Mills Suite 746;8 (161) 549-4101;small;metal
Paul Inc;Cathymouth;3195 Contreras Pines Apt. 044;+7 976 002 53 13;large;plastic
Mitchell Group;East Andrew;9905 Jimenez Drive Apt. 012;+7 (344) 510-2344;medium;plastic
Morgan, Johnson and Young;New Derrick;318 Pena Glens;+7 (781) 723-6655;big;wood
Howard, Collins and Harrison;Port Barbara;00606 John Parkway;8 (359) 482-12-45;large;metal
Stafford, Rodriguez and Sullivan;Morganville;6126 Rachael Underpass Suite 045;+76609492296;large;metal
Padilla, Evans and Carrillo;Cohenfort;2639 Alvarez Bypass;8 637 648 6891;tiny;wood
Martin-Burgess;Lake Valerie;67593 Jerry Burgs Apt. 827;8 (522) 495-09-02;big;metal
Bradshaw, Mann and Meyer;Anthonystad;385 Davis Dam Apt. 207;8 (674) 876-8880;medium;metal
Diaz-Wagner;Ramirezchester;70083 Fisher Springs;8 820 189 1752;tiny;plastic
Bond, Ramsey and Humphrey;Sethberg;3241 Adriana Plaza Suite 537;8 291 419 38 92;small;metal
Pugh, Cortez and Nunez;Mccoyview;4887 Mark Villages;+7 856 842 44 70;medium;plastic
Howard LLC;Ricardoport;734 Lee Road Apt. 899;83364610795;tiny;metal
Cooley, Rhodes and Mitchell;Bennettland;54847 Rachel Dam;8 (306) 371-2006;small;plastic
Torres-Gonzalez;East Craig;79253 Williams Club Apt. 872;+7 468 467 6708;large;metal
Simmons Group;West Kevin;01095 Betty Roads Suite 195;+7 783 072 6473;big;plastic
Powell LLC;Wendychester;29353 Jill Throughway Suite 918;8 236 243 19 31;small;wood
Fisher-Mann;Davidsonmouth;305 Ewing Corners;88102939387;small;fabric
Miles-Torres;Myersstad;21190 Pollard Knolls;+7 735 468 36 44;tiny;metal
Ayers, Barr and Evans;Lake Alan;2174 Susan Manors;+7 (688) 424-33-90;small;plastic
Bennett, Gray and Davis;Jamesstad;41974 Denise Curve Apt. 038;+74464621195;tiny;wood
Burgess-Goodman;Kelliport;1809 Kenneth Manor Apt. 104;+7 (998) 701-66-80;tiny;wood
Garcia PLC;East Vickiview;66226 Dennis Mills Apt. 362;+7 042 018 6971;big;fabric
Galvan-Fischer;Sandybury;870 Mendez Canyon Apt. 814;8 (173) 984-90-20;big;plastic
Price LLC;West Kendra;8467 James Viaduct;8 (599) 900-15-60;big;wood
Phillips and Sons;South Savannahchester;30075 Walton Trail;8 407 520 21 40;tiny;fabric
Gray, Green and Austin;West Lindatown;7528 Cook Prairie;8 (534) 311-70-96;large;metal
Daniel-Cortez;West Marioburgh;7020 Gilbert Forest;+7 (047) 065-7340;big;
Turner Ltd;Rachelhaven;08381 Watson Ford;+7 (175) 334-1014;tiny;metal
Jones, Duncan and Howard;West Josemouth;2532 Lyons Mills Suite 904;8 (867) 152-9919;medium;
Jones-Martin;Deckerside;9208 Ariana Underpass;+7 (979) 993-7092;small;
Turner, Woods and Johnson;West George;6625 Pierce Turnpike;8 (773) 603-2707;small;plastic
Lewis-Jenkins;Port Barry;021 Robert Tunnel;8 527 160 6530;big;plastic
Taylor, Barrera and Frost;West John;310 Davis Rapid Suite 680;+7 165 126 69 11;large;plastic
Johnson Group;Jonshire;0523 Vaughan Square;8 214 064 04 57;large;plastic
Black, Rodriguez and Roach;Destinyview;2521 Wallace Drive Suite 212;8 (004) 131-8846;medium;plastic
Miller-Rodriguez;North Philipfurt;791 Price View;+7 533 025 12 02;large;metal
Garrett-Gibbs;East Julian;395 Jason Mission;+7 (391) 987-22-42;small;fabric
Kelly Inc;Gutierrezberg;3375 George Vista Apt. 803;+7 211 755 10 26;big;metal
Frederick, Hess and Thomas;East Joshua;68444 George Mall;8 (856) 765-8670;tiny;metal
Hernandez and Sons;Gonzalezshire;9117 Theresa Walk Suite 190;+7 (516) 915-70-74;medium;metal
Fletcher PLC;Mariafort;3841 Jennifer Branch Suite 401;+7 (636) 365-71-16;small;plastic
Mullen-Vincent;Piercehaven;1160 Kristine Parkways Suite 611;+7 693 801 07 26;medium;metal
Brooks-Smith;Solomonburgh;284 Gomez Pines;83205768918;large;metal
Smith-Nguyen;South Williamton;7232 Lawrence Spurs;8 (025) 209-75-47;medium;metal
Key, Webster and Wilson;North Amy;5864 Austin Canyon;+7 304 156 9133;small;wood
Hall-Cameron;Carrollside;6514 Marcus Tunnel;8 (048) 090-3233;large;plastic
Weber-Haley;Melissastad;59492 Evans Streets Apt. 556;+7 286 703 6279;large;plastic
Smith, Morales and Flores;Jameston;39528 Elizabeth Island Suite 288;83952885410;big;
Phillips LLC;South Christopherbury;567 Miles Fork Apt. 040;+77542523181;medium;plastic
Roach, Soto and Singleton;New Jesseshire;0669 Patrick Parks Apt. 976;8 (735) 263-2978;tiny;fabric
Winters, Hensley and Johnson;Brianshire;597 Ann Center;+7 (097) 372-5786;small;metal
Dickerson Ltd;Adamburgh;268 Williams Greens Apt. 151;89038724719;medium;plastic
Vincent-Green;Yatesborough;3193 Frank Ports Apt. 270;80036158452;medium;metal
Henry-Bowman;East Kristyland;4515 Anita Plains Apt. 680;8 943 271 5849;big;metal
Nichols-Peterson;East Douglasberg;69953 Regina Parkways Suite 852;+7 474 106 4767;medium;metal
Costa PLC;Dorisburgh;78888 Kevin Spur Suite 838;8 (389) 339-04-91;big;wood
Taylor, Middleton and Robbins;West Melissahaven;717 Darlene Turnpike;89388229514;big;plastic
Moran Inc;West Brandon;2560 Anderson Street;+7 (438) 528-10-23;small;metal
Douglas-Evans;West Rachelfurt;5875 Christine Streets;+7 (964) 629-61-24;big;metal
Khan, Miles and Benton;Kentville;71153 Perez Spring;+7 868 751 2596;big;plastic
Stephens-Savage;Smithchester;7400 Sean Expressway;+7 152 847 4144;tiny;
Scott and Sons;Martinezland;736 Anita Station Apt. 473;8 833 259 8143;small;metal
Simmons-Johnston;Dunnmouth;412 Brooks Green Suite 169;+7 104 227 8366;medium;plastic
Nguyen, Howell and Sanchez;West Annashire;518 Oneill Stravenue;+7 137 541 90 02;small;metal
Santiago-Thompson;Port Robert;119 Mackenzie Wells Suite 523;8 (684) 443-97-60;tiny;metal
Mullins PLC;West Katieland;59973 Henderson Inlet;8 815 880 27 85;small;wood
Zuniga-Phillips;North Edward;6239 Foster Gateway;+7 (940) 698-09-94;medium;metal
Clayton-Knight;Ashleytown;58092 Mata Locks;+7 848 591 7920;tiny;wood
Barker, Montoya and Martinez;Whiteport;019 Ortiz Locks Suite 290;8 363 146 55 39;tiny;metal
Cohen, Bentley and Bush;Janetland;286 Taylor Key Apt. 039;8 (037) 049-45-34;tiny;wood
Anderson, Jones and Sawyer;New Rachelland;4130 Melissa Court Suite 910;8 (314) 626-8121;medium;plastic
Chan-Brown;Lake Joshuaview;51128 Melissa Squares;+7 (198) 439-2884;big;wood
Garcia Ltd;Diamondburgh;288 Berg Tunnel Suite 850;8 925 691 2871;big;
Hernandez Ltd;West Jerry;567 Scott Union Suite 449;+7 434 285 5179;tiny;metal
Walker Inc;Jessicamouth;7602 Lori Stravenue Apt. 373;8 (083) 075-86-56;medium;metal
Pierce, Edwards and Decker;South Jenniferville;62871 Romero Forest Apt. 300;8 960 136 96 91;medium;
Hall-Cooper;Vanessachester;3166 Powell Dale Apt. 557;8 (103) 255-4958;large;
Mcdonald-Ford;Michaelfurt;635 Paul Divide;+7 (788) 837-6005;big;metal
Cox-Wiggins;Lake Lisafort;71528 Anderson Lodge Suite 375;+7 (694) 295-05-20;large;
Bennett Ltd;Paulstad;2986 Sarah Point Apt. 176;+76552081274;tiny;plastic
Jones-Adams;West Jessica;414 Shannon Skyway Apt. 496;8 644 645 77 70;tiny;
Douglas PLC;Jasmineside;714 Cruz Stream Suite 283;8 936 050 3888;medium;plastic
Dean Inc;North Curtis;9938 Hampton Coves Apt. 720;8 419 200 3864;big;
Prince, Boyle and Schroeder;Morenoville;69009 Ewing Mountain;+7 (984) 739-3204;tiny;metal
Dominguez, Weaver and Taylor;Garrettberg;71083 Kennedy Junction;8 139 289 7249;big;plastic
Sawyer-Martinez;Kaylabury;0083 John Centers Apt. 888;+7 861 179 76 59;large;plastic
Richardson and Sons;Port Sherry;1397 April Curve;+75352573999;tiny;metal
Castro Group;Kellychester;1968 Adams Underpass;+7 629 684 62 23;large;plastic
Mays Ltd;Normanborough;4877 Richard Via Apt. 971;8 (209) 621-8531;small;wood
Jordan-Calderon;Tanyaside;9615 Lopez Heights;8 (270) 700-7522;medium;wood
Snyder Inc;South Christianside;5788 Bonilla Inlet;8 (349) 303-7257;large;wood
Perez-Carter;Omarmouth;768 Monica Burgs Suite 933;+7 (684) 884-3439;big;plastic
Santiago, Silva and Santana;Bradleytown;57248 Johnson Junctions Suite 710;89490780511;large;metal
Hart Ltd;Youngland;5414 Nunez Prairie Suite 979;+7 165 570 2839;large;metal
Hood-Carpenter;Joneschester;4658 Barbara Loop;8 667 175 3973;medium;plastic
Anthony and Sons;North Russell;78435 Mark Passage;8 413 667 0720;tiny;
Haas, Simmons and Mccoy;Valeriechester;676 Gould Ford;82740581433;tiny;plastic
Nguyen LLC;West Thomasmouth;5598 Christopher Pines Suite 979;8 (602) 804-7824;small;metal
Vazquez-Wang;Alexisbury;96372 Chloe Overpass;+7 046 883 4135;tiny;
Waller-Miles;Janetberg;5701 Amy Circles Suite 608;+7 (425) 054-98-81;medium;wood
Robertson Group;Millerville;469 Jessica Course Suite 001;89246475421;large;wood
Duncan-Evans;South Katherineton;91535 Christopher Field;8 (459) 445-6760;medium;metal
Collins Group;Greenland;0168 Paul Course;+7 (727) 788-7761;large;metal
Mason Inc;Dawnhaven;0833 Sarah Pass Suite 055;+7 509 757 7499;medium;metal
Williams-Franco;North Tammyfurt;38031 Darin Isle;8 (429) 172-69-04;large;metal
Davis-Barrera;Kimberlyport;2328 Andrew Hills;+79943848702;tiny;wood
Brown-Malone;West Andreaview;595 Michael Mission;8 759 419 1861;large;plastic
Bowen-Joseph;East Jesus;90310 Joseph Union;8 (249) 576-63-12;tiny;metal
Armstrong-Nunez;Port Darrylberg;47069 Vaughn Locks;8 (991) 584-7503;tiny;
Smith-Moran;East Dennischester;3207 Ryan Forge Suite 413;+7 518 360 88 03;medium;
Bates, Mendez and Wolfe;East Angelicatown;21886 Andrea Station;+7 815 105 1781;small;metal
Campbell, Daniel and Guerrero;Ethanbury;2484 Young Light;+7 571 438 26 91;large;wood
Baker PLC;West Rebeccamouth;008 Brian Crossroad;8 061 801 59 37;medium;plastic
Mathews PLC;Woodville;6423 Garcia Forges;+7 956 975 5348;small;
Tran-Johnson;Sandrafurt;17511 Christopher Lodge Suite 914;+7 311 155 63 27;tiny;plastic
Garcia Group;East Lori;7689 Webster Crossroad Suite 925;+71564734585;medium;plastic
Kelley LLC;New William;7465 Price Glen;8 (334) 196-6355;small;plastic
Campbell Ltd;South Brianstad;0694 Miller Mission Suite 253;+7 (402) 221-0036;tiny;
Fowler Inc;Maryberg;83323 Shields Cove Suite 543;+7 327 851 8823;small;metal
Kaiser and Sons;Grantfurt;0679 Jones Key;+7 881 918 5369;large;metal
Beasley-Lin;Nicoleton;5636 Tyler Highway;8 (091) 021-05-65;small;
Parker LLC;Nicholasmouth;4451 Craig Extension Suite 853;8 608 202 84 79;small;
Heath, Phillips and Roberts;West Mitchell;549 Murphy Mission Apt. 400;8 213 049 74 82;small;wood
Palmer-Whitehead;Deniseborough;2643 Garcia Orchard;8 952 439 76 58;large;plastic
Salazar-Nelson;Lake Amytown;789 Wilson Burgs;+7 027 895 8861;big;plastic
Owens, Ortega and Martinez;West Peter;563 Joseph Alley;+7 471 818 01 01;small;metal
Bautista, Allen and Scott;South Nicholasland;8773 Thomas Meadow;+7 (808) 163-3881;large;plastic
Harrison Inc;East Robertville;8077 Derrick Union;+7 170 043 2190;small;wood
Harris Inc;Lake Hunter;92422 Brown Road Apt. 331;8 (679) 771-73-72;medium;
Burns, Parrish and Byrd;New Emily;556 Banks Route;8 098 791 5170;big;wood
Gonzalez, Romero and Stewart;Howellfurt;40808 Bennett Throughway;+71984108909;medium;metal
Aguirre-Adkins;Grayside;12599 Garcia Inlet Suite 630;+71350904179;big;wood
Nelson and Sons;Beverlybury;683 Castro Union;8 (052) 774-00-29;large;
Lewis Ltd;East Sydneybury;6952 Cynthia Junctions;+76469476725;big;
Wagner, Whitehead and Reed;Lopezland;4493 Gonzalez Ferry Suite 645;+7 751 449 82 08;big;plastic
Jones-Bentley;Mccarthyberg;408 Todd Crossroad Suite 781;8 323 545 31 61;medium;plastic
Mclean Group;Houstonport;3545 William Court Apt. 810;+7 199 768 87 87;medium;wood
Jones-Montgomery;East Julie;736 Wiggins Road;+71923277144;medium;
Taylor, Morgan and Barber;Hamiltonhaven;985 Bradley Point;+70289700793;tiny;metal
Green, Hebert and Holmes;Larsonmouth;66971 Carl Spurs Suite 930;+7 (379) 219-8279;large;metal
Miles, Morris and Wilson;Williamsshire;828 Brian Unions Suite 380;+7 (424) 798-9078;tiny;metal
Cordova-Arroyo;Lake Tammyhaven;928 Wilkins Crossing Apt. 531;8 830 754 9557;big;wood
Perry, Flores and Meza;North Robert;238 Ricky River Apt. 148;8 302 150 91 71;tiny;plastic
Wilson PLC;Carterport;444 Edward Rest;88068866423;medium;
Beltran Ltd;Hernandezchester;013 Freeman Estate Suite 395;+7 534 495 91 69;medium;metal
Robertson LLC;Hallbury;1376 Smith Springs Suite 580;8 (760) 007-75-03;medium;metal
Cardenas, Thomas and Valencia;Jamesport;45366 Davidson Wall Suite 118;+7 975 598 31 98;tiny;plastic
Wolf and Sons;Smithview;5965 Little Island Apt. 587;+7 (250) 992-28-89;large;metal
Merritt-Brown;Raymondtown;6752 Bennett Loaf;8 596 517 72 13;large;fabric
Dean, Nguyen and Wagner;Mcmillanfort;832 Gould Ports Suite 299;8 (343) 379-26-20;tiny;fabric
Walters Ltd;South Henry;3264 Abigail Gateway;85902987852;tiny;metal
Brown PLC;Lake Jeremy;3290 Contreras Mountain Suite 882;8 (820) 946-01-48;large;plastic
Esparza Inc;Lake Jason;00632 Jennifer Dale Suite 837;8 087 322 46 20;medium;plastic
Reeves-Smith;East Markshire;8557 Nielsen Corners;8 (435) 087-6917;small;plastic
Johnson Ltd;New Pamela;336 Michael Inlet Apt. 860;+73913968807;big;
Smith, White and Brooks;Ortizside;230 Lee Landing Apt. 186;8 (924) 399-91-37;small;wood
Torres Ltd;Lake Mckenzieton;33752 Alexis Plaza Apt. 387;+7 (648) 918-5001;tiny;metal
Ochoa, Lang and Rodriguez;East Marc;719 Schwartz Locks Suite 596;8 167 981 15 43;big;
Velasquez-Burns;South Carly;3599 Miller Summit;+7 029 096 01 10;medium;
Williams and Sons;Lake Alanstad;843 Laura Pines;+74440887806;medium;plastic
Powell, Turner and Garcia;West Wesleymouth;659 Evans Prairie;80097380442;large;fabric
Allen Inc;Bethanyshire;221 Leon Landing Apt. 921;+73889273751;large;wood
Patterson, Walker and Savage;Garnerville;9059 Gordon Plains;+7 (244) 868-10-28;tiny;metal
Walker-Robinson;Hectorhaven;65212 Christopher Brook;+7 087 646 4656;tiny;metal
Rodriguez-Wagner;Rosariostad;4375 Kristen Throughway Suite 925;+7 (046) 006-6614;tiny;metal
Lane-Miller;South Johnhaven;74406 Brian Forks Apt. 019;+7 (977) 145-64-25;medium;wood
Simmons-Wilson;Andrewmouth;4965 Angela Stream Suite 057;87765274058;tiny;plastic
Lopez, Frazier and Winters;Lake Randy;86077 Erika Trafficway Suite 098;+7 289 564 7994;medium;wood
Kennedy-Stewart;Welchfurt;473 Watts Parkway;88542738244;small;fabric
Roach PLC;Deborahfurt;2950 Brown Road;8 (913) 270-3400;small;plastic
Montoya Inc;Lake Ryanland;078 Eddie Brooks;85411161177;big;fabric
Oliver and Sons;Andersonhaven;3306 Angelica Highway;8 (826) 352-0787;large;metal
Hendricks-Johnson;New Kennethberg;9148 Hurst Extensions Apt. 597;+7 (533) 642-20-80;big;fabric
Hamilton and Sons;Port Jennifer;1249 Tony Shore;+7 290 692 1837;medium;metal
Drake, White and Perkins;Port Samantha;5032 Ferguson Glen;8 249 814 2112;tiny;metal
Carrillo, Willis and Gonzalez;Port Marissaton;31239 Jorge Inlet Apt. 277;8 (120) 233-5756;tiny;
Lewis Inc;Mirandastad;2829 Brett Cliff;81880952570;big;fabric
Cummings-Scott;West Johnmouth;81648 Angela Fort;8 680 731 4849;medium;plastic
Young and Sons;Mckenzietown;1488 Price Branch Suite 105;8 (018) 054-2814;big;
Webb and Sons;New Sherry;404 Mark Station;88227173314;tiny;metal
Williams, Baker and Gibbs;Cameronbury;060 Thompson Green;8 (431) 876-2146;small;
Smith, Wade and Brennan;East Nathanshire;82667 Jason Forks;+73221642796;big;plastic
Taylor Group;West Sarah;403 Alejandro Walk;8 (867) 342-6768;big;metal
Browning and Sons;Lake Thomas;67656 Karen Row;+7 813 506 6415;medium;metal
Davis Inc;Port Reneeland;2243 Aaron Cliffs;+76479414714;tiny;plastic
Lewis, Strickland and Martinez;Sabrinahaven;37134 Webster Forest Apt. 669;+7 (897) 538-3099;small;plastic
Cooke, Mercado and Murphy;Cindytown;1653 Robert Route;8 (166) 342-98-55;big;wood
Hamilton, Parker and Bray;Lake Josephstad;56354 Lindsay Estates;8 965 022 3307;medium;plastic
Aguilar-Bailey;Port Amber;426 Alan Brook Apt. 976;8 (727) 324-19-39;medium;
Mckay-Williams;Penafort;402 John Villages;+77178046542;large;wood
Schultz-Park;Ericberg;7754 Holt Vista;+7 620 806 6819;small;metal
Stevens and Sons;New Crystalshire;0737 Steven Stream;+7 (890) 960-0886;medium;
Adams, Johnson and Mathis;Taylorchester;709 Kelly Dam;8 312 194 14 18;big;
Golden Group;Nathanberg;904 Chelsea Throughway;8 (720) 617-04-97;big;plastic
Jones PLC;West Christopher;06313 Wendy Port;8 275 957 46 53;big;plastic
Harrington-Holloway;Evanstown;2630 Katherine Estates;+7 (115) 416-4437;medium;metal
Rodriguez, Payne and Atkinson;Diazchester;6650 Fuentes Place;+7 (747) 734-3433;small;plastic
Greene-Garcia;Jacobhaven;556 Michelle Terrace Suite 254;+76041165276;medium;
Jones-Roberts;Johnstonville;889 Virginia Parkway Apt. 538;80303769069;big;plastic
Mitchell, Davis and Forbes;North Willietown;90969 Miller Wall Apt. 136;+7 908 003 94 07;large;wood
Rodriguez, Yang and Green;New Davidtown;7835 Kristi Drive;+7 684 151 6479;tiny;metal
Robertson-Smith;North William;65215 James Lodge Suite 589;82524124387;large;fabric
Alexander, Martinez and Drake;New Bradleyfurt;7319 Shawn Bridge Suite 683;8 443 289 2448;small;metal
Taylor, Garcia and Foster;New Leslieton;0634 Chase Common;+74468420558;big;wood
Gomez Inc;South Jessicaburgh;2285 Hall Heights;+7 853 525 69 25;small;
Soto PLC;North Melissa;222 Anthony Flats Suite 324;8 306 218 39 00;big;plastic
Clements-Harris;Jacksonbury;613 Kelly Ridges;+7 651 344 6928;large;plastic
Gonzalez-Best;Port Paulaport;1141 James Glens;8 250 067 89 45;medium;
Ortega-Matthews;Samanthamouth;980 Fox Ways Suite 639;+78644502687;medium;wood
Walker and Sons;Jaredbury;775 Jessica Roads Apt. 877;+7 (785) 380-14-97;big;plastic
Duncan Ltd;Murrayburgh;54929 Patrick Drives Suite 771;+78497443091;medium;metal
Adams, Hunt and Boone;South Cameronside;99623 Melody Mountains Suite 344;88507316544;medium;
Webb PLC;Lake Matthewtown;64942 Miranda Loaf;83966786779;medium;plastic
Smith, Terry and Marshall;New Jessefurt;56323 Mary Islands Suite 683;+7 (000) 523-26-47;tiny;
Edwards Ltd;West Ryan;939 Noble Island;+7 (817) 785-4585;big;
Holmes, Morales and Cooper;West Jack;243 Nicholson Loop;8 385 272 16 04;big;plastic
Harrison-Hammond;Peterfurt;505 Stevens Spring;+7 (865) 481-4547;big;metal
Andrews Inc;Craigmouth;14631 Leslie Ferry Suite 208;+7 (056) 039-1455;big;plastic
Watson-Kelley;Thomasshire;01820 Allison Views;+7 528 205 88 00;big;plastic
Baker PLC;Alexanderfurt;82143 Phillips Point Suite 211;+7 (970) 914-24-40;large;plastic
Keller, Brady and Willis;Fletcherfurt;992 Roman Station Apt. 121;8 657 739 9690;big;
Frank-Franklin;Lake Andrew;446 Clark Bypass Suite 964;8 (683) 429-7596;small;plastic
Boyd Group;Christensenville;1899 Neil Valleys Suite 143;8 059 477 71 54;big;
Scott, Aguilar and Fisher;South Christopher;00258 Frank Keys Suite 702;82060446753;large;wood
Harrison Inc;Hartburgh;121 Robinson Road Apt. 182;8 (635) 598-9681;small;plastic
Lin-Fuentes;Orozcoland;4891 Robert Square;+7 (139) 209-0122;big;plastic
Watson, Phillips and Velasquez;Conniehaven;57863 Frey Port Apt. 513;+77627862233;medium;metal
Jordan, White and Bowers;Port Amber;32190 Douglas Views;8 990 660 7781;big;plastic
Lopez, Perry and Pierce;Kaitlinstad;8097 Moss Corner Suite 326;+7 (763) 756-4116;medium;plastic
Norton, Castaneda and Gonzalez;West Patricia;4056 Mcguire Center Apt. 144;+7 (348) 437-35-47;tiny;
Johnson, Cook and Taylor;Acostaburgh;28921 Ernest View Suite 813;8 (903) 633-86-38;large;metal
Fritz-Cook;Morrisside;4235 Kristen Square;+7 (617) 970-31-46;medium;plastic
Faulkner, Barton and Cole;Lake Richard;661 Christopher Burg Apt. 950;+7 066 622 4518;big;
Melton-Sharp;South Steve;1445 Jenkins Crossing;8 492 051 3448;small;fabric
Ruiz, Hunt and Miller;Wallaceport;2188 Berry Flat;8 570 249 78 07;big;metal
Butler LLC;Port Annetteland;6831 Cobb Turnpike;86344283519;large;wood
Graves-Smith;Walkerfort;5930 Fox Route;8 347 267 57 12;large;metal
Miller, Sparks and Huff;West Gregmouth;87877 Manning Hollow;+7 282 232 68 50;tiny;
Weaver Ltd;West Sarah;067 Ryan Field Apt. 393;8 (568) 352-6315;big;metal
Smith-Cook;East Jeffreymouth;78759 Nelson Turnpike;+7 (495) 059-04-10;tiny;
Jones LLC;Lake Johnathanshire;67931 Madeline Locks Apt. 097;8 264 260 3545;small;wood
Moore, Bowen and Trevino;Howellport;27878 David Park;8 193 833 9299;small;wood
Chase Group;Robbinsstad;0361 Mcguire Corners Suite 769;+75287246047;small;
Hill Inc;Dianeview;21557 Holder Rapid Apt. 534;+7 (229) 996-13-98;big;metal
Shelton Group;South Michaelside;44551 Sarah Harbors Apt. 427;+7 655 743 26 98;large;wood
Combs Inc;Kristychester;252 Chavez Rue Suite 691;8 687 836 2787;large;wood
Palmer and Sons;Davidmouth;114 Gomez Alley Suite 816;8 (579) 260-8484;tiny;plastic
Gray, Miller and Parks;Sethmouth;36000 Perez Knoll Suite 150;8 271 673 4524;tiny;plastic
Clark-Williams;West Daniel;574 Murphy Lights;8 556 131 8889;large;metal
Ross, Calhoun and Price;Evanston;243 Marks Haven;+7 (097) 136-04-04;medium;plastic
Ellis-Brown;West Laurenmouth;4028 Monroe Lock Suite 752;+79069284863;large;metal
Mosley-Carpenter;Brownstad;6007 Michael Walk;8 603 560 1594;small;wood
Washington, Castro and Brown;Port Tylerbury;620 Jenkins Mission;+7 143 203 14 46;tiny;plastic
Cabrera-Porter;Prestonchester;60943 Lara Burgs;8 562 270 15 23;big;plastic
Reyes-Hernandez;South Crystal;31316 Matthew Gateway;+7 942 718 97 63;medium;metal
Gomez and Sons;New Peterberg;1430 Lane Row;+70899182870;tiny;wood
Lin, Cooper and Tanner;West Joshuaton;4518 Diaz Port;8 363 591 85 61;medium;plastic
Bentley PLC;Fordberg;48485 Miller Ramp;8 (497) 863-07-88;tiny;metal
Sanders LLC;South Davidmouth;8302 Kenneth Trail Suite 687;8 506 219 45 25;medium;wood
Tran-Leon;Aaronside;03942 Lee Estate Suite 926;83348628696;medium;wood
Johnson-Pacheco;New Johnhaven;7708 Rodriguez Shoals;+7 (574) 329-33-30;large;plastic
Watts, Garcia and Wall;Byrdtown;43504 Flynn Glens;+7 (882) 049-58-05;small;metal
Lynch-Howard;North Kimberlytown;2188 Shaw Road;+7 (211) 495-3893;large;metal
Richardson and Sons;Annastad;343 Singh Pine Apt. 371;86665275172;tiny;plastic
Torres-Hudson;Jeffmouth;32982 Eric Via Apt. 673;+7 984 244 0557;large;plastic
Gonzalez and Sons;New Carolview;00236 Perez Ranch;+7 426 923 0263;medium;wood
Odom, Bruce and Hawkins;Obrienmouth;62868 Amanda Harbor;8 (551) 324-5051;medium;fabric
Benson, Browning and Garcia;Charlesmouth;0037 Thomas Springs;8 (044) 199-4278;medium;metal
Sherman Ltd;West Kristinfurt;408 Ryan Plains Suite 407;+73116320052;tiny;
Franco LLC;Katherinestad;408 Hansen Lane;+7 853 705 29 76;tiny;wood
Campbell Inc;East Carlaville;2508 Jim Views;8 (131) 423-9075;large;plastic
Bradley-Fitzpatrick;East Shawnside;86061 Jennifer Unions Apt. 590;8 (087) 172-29-97;medium;plastic
Bates-Patterson;New Ericachester;384 Jessica Hills Apt. 197;8 (045) 505-5189;tiny;metal
Lin, Graham and Martinez;New Jonathan;795 Matthew Coves Suite 325;+7 651 255 0472;tiny;plastic
Oconnell, Hamilton and Morrow;Mooreburgh;51234 Young Loaf;+70300118205;big;plastic
Avila-Robles;Lake Lisa;48979 Sheila Circle;+7 441 899 0926;tiny;wood
Smith-Vasquez;Port Alexander;952 Charles Motorway Suite 799;8 047 583 1115;tiny;plastic
Lewis, Martin and Mitchell;Smithbury;99627 Betty Cliffs Apt. 783;82940649761;small;
Johnson-Johnson;Port Jessicastad;55624 Hopkins Corner;8 (928) 024-8694;tiny;plastic
Nichols-Stein;North Michaelside;3930 Kennedy Crossroad;8 (230) 754-27-45;tiny;wood
Miller, Davidson and Smith;Jordanfurt;9771 Stone Dale;+7 200 455 6732;tiny;
Boyd Ltd;Patriciachester;898 Albert Hill;8 (693) 384-6431;tiny;fabric
Nguyen-Johnson;New Megan;489 Simon Isle;+7 438 706 7101;large;wood
Mills, Lyons and Jenkins;Port Kathleenside;7550 Mcpherson Orchard;8 149 267 9802;big;
Vargas PLC;East Angela;1049 Amy Passage Suite 041;82758802030;tiny;wood
Castro, Mcgee and Love;Perezfort;579 Smith Drive;+7 794 435 7263;big;
Black Group;Port Elizabethport;813 Watkins Forks Suite 436;8 (444) 222-1277;large;plastic
Murray, Matthews and Hall;Ballardshire;249 George Meadows Apt. 998;+7 179 854 60 42;tiny;wood
Ayers, Williams and Davis;Stevensview;8366 Johnson Centers;+7 123 979 22 42;small;
Wiggins, Roberts and Boyle;Brownmouth;641 Tony Tunnel;8 899 924 38 20;big;metal
Walker-Evans;Lake Lauren;471 Troy Mountains Apt. 141;+7 676 151 36 00;small;plastic
Montes and Sons;Lake Ericchester;234 Nathan Avenue Apt. 199;+78489822043;medium;plastic
Stokes Ltd;Emilyfurt;3991 Castro Radial Apt. 785;+7 014 782 54 90;medium;plastic
Atkins, Harrell and Wood;Port Beth;931 Smith Pines;82305340222;tiny;plastic
Tucker Group;New Leslie;71243 Munoz Parkways;+7 205 178 92 45;large;fabric
Price-Collins;Sullivanchester;9742 Li Shores Apt. 133;8 (441) 994-11-79;medium;plastic
Santiago Ltd;East Kyle;553 Williams Forges Apt. 525;8 438 668 9169;small;metal
Smith Ltd;North Darrell;3143 William Forges Suite 963;8 649 650 7933;small;metal
Snyder Group;Andradeside;294 Taylor Village;8 (515) 503-66-47;big;plastic
Jackson-Walsh;Lake Ryan;753 Norman Causeway Suite 694;80424122571;big;metal
Ford, Cooper and Garza;Maldonadoborough;394 Robin Rapids Suite 562;8 (778) 462-64-49;medium;wood
Hernandez, Valenzuela and Johnson;Deniseberg;93521 Sabrina Lake Apt. 426;+79200358486;big;plastic
Murphy, Estrada and Matthews;Trevorside;51979 Kim Turnpike Suite 043;+71355624200;medium;metal
Lee, Conner and Vasquez;Atkinsberg;6207 Mcneil Island Apt. 672;8 644 166 96 92;tiny;plastic
Hall and Sons;Nelsontown;0334 Pearson Turnpike;8 540 493 8788;tiny;plastic
Davis, Johnson and Richardson;New Williamville;95849 Roman Crossroad;+75733812295;medium;metal
Williams and Sons;New Deborah;75187 Yu Crest Apt. 421;80375124488;big;
Bernard, Allen and Smith;West Andrewberg;3061 Steven Valleys;84377263661;large;wood
Wolfe-Pope;South Jennifer;5574 White Ports Suite 298;+7 (287) 740-9777;big;plastic
Fleming PLC;Joytown;33652 Christy Isle;+7 (808) 942-63-49;large;plastic
Carey, Cooper and Hickman;Larsenhaven;419 Valdez Walks;8 (876) 895-84-82;big;metal
Fisher Group;New Anthony;95766 Houston Land Apt. 873;+7 394 575 56 01;big;metal
Parker-Brown;Baileyfort;1255 Marshall Inlet Suite 755;+70287436125;big;plastic
Ward, Smith and Jones;Henryborough;8742 Michelle Mountain Suite 913;+7 871 744 77 44;medium;metal
Reed PLC;Leemouth;151 Eric Keys Suite 551;8 (221) 964-3273;medium;plastic
Pacheco, Smith and Mcneil;Carolynton;85125 Smith Station;83444585098;small;wood
Clark and Sons;Lake Maria;473 Jones Turnpike;8 (782) 016-99-31;big;
Smith, Newton and Myers;North Sandra;2739 Miller Ferry;8 590 928 0052;big;plastic
Rush, Bennett and West;Davidstad;559 Sanders Common;8 375 980 5114;large;fabric
Weber, Herrera and Thompson;Amyside;463 Noah Pike;87676013070;small;wood
Chan-Wood;North Alexis;31758 Lopez Loop;80683262775;big;metal
Mitchell-Jordan;South Brendafurt;908 Hamilton Spring;8 180 147 78 86;small;
Hernandez-Santiago;West Crystalstad;7587 Roman Shores Apt. 171;+74499892752;tiny;plastic
Austin-Li;Nicolechester;253 Mccormick Row;+73398941214;medium;plastic
Fields, Houston and Perry;Port Peter;86338 Flores Islands;8 (862) 142-14-86;large;
Collins-Phillips;North Tiffanyshire;69467 Christopher Manors Suite 422;8 626 811 56 86;tiny;plastic
Smith-Reed;Lake Michelehaven;505 Brian Fork;8 053 626 7532;big;
James, Welch and Anderson;Phillipsbury;5605 Gonzales Unions;+7 (949) 062-28-48;big;plastic
Stewart-Ortiz;West Cathy;5752 Yolanda Trace;+7 (131) 096-0769;big;plastic
Mason, Torres and Howe;Port Tannerland;8042 Carter Divide Apt. 115;+7 224 098 15 98;large;wood
Miller-Cummings;Port Amy;69568 Morgan Mill Suite 902;+72687069698;big;wood
Richards, Foster and Turner;Garciabury;5437 Nguyen Springs Apt. 086;86192264576;tiny;wood
Jones, Garcia and Montes;Drakefort;386 Wyatt Run;87400393308;large;plastic
Jones, Parker and Pittman;Lake Sarahhaven;84434 Butler Way Apt. 137;8 550 294 8876;medium;metal
Lawrence Inc;West Robert;61571 Jennifer Villages;8 766 330 87 72;large;plastic
Lee, Watts and Scott;East Johnport;14776 Cook Circles;+7 652 234 2617;medium;plastic
Hernandez, Wiggins and Nicholson;South Pamelahaven;73466 Hatfield Extension Suite 048;8 (286) 634-4517;large;
Little LLC;Cordovatown;610 Brown Field;+73700967217;large;plastic
Jacobs Group;North Kristina;343 Mullins Locks;86687985612;large;plastic
Flores PLC;South Hannahhaven;43795 James Dale Suite 464;+7 739 157 83 29;tiny;plastic
Dougherty Group;New Michellestad;740 Hayes View Apt. 108;8 (815) 062-55-35;large;
Carpenter-Wagner;Novakborough;558 Ashley Parks;+7 309 171 40 09;small;metal
Brown-Johnson;Lake Katelyn;7854 Melissa Village;+7 311 397 2356;small;metal
Barron Inc;Bowmanborough;17089 Ward Trail;8 (888) 387-7602;big;plastic
Wilkins-Daniels;Port Stephenburgh;44364 Coleman Club;8 826 139 3504;medium;plastic
Townsend Ltd;Johnstad;7232 Garrett Summit Suite 034;+7 915 643 5052;small;wood
Black and Sons;East Richardchester;80423 Julie Cliffs Suite 832;+7 (271) 102-24-37;medium;metal
Bean Ltd;West Shannon;527 Hunter Pine Apt. 372;+7 (967) 671-9636;small;wood
Flores, Dyer and Chapman;Harringtonshire;25345 Kidd Coves Suite 696;+7 840 077 28 87;small;wood
Peterson LLC;Port Gina;862 Rogers Crescent Suite 282;8 258 612 2782;large;plastic
Reid-Tapia;Aaronstad;84250 Benitez Crossing;+7 (065) 552-13-07;medium;
Durham-Warren;Byrdport;314 Johnson Station;8 077 592 88 69;small;fabric
Smith, Wang and Neal;South Kimberlyhaven;3190 Cook Via Suite 238;89510574196;medium;plastic
Sharp Group;South Amandafort;57660 Vincent Curve Suite 984;8 (012) 086-14-84;small;metal
Kirby LLC;South Anna;987 Evan Canyon;8 (669) 109-3489;large;plastic
Gilmore, Hanson and Bailey;East Williamhaven;9505 Conley Island Apt. 206;8 (301) 682-9985;tiny;
Baldwin-Duncan;Glenfort;54000 Lee Crescent;+78428637410;large;metal
Price, Coleman and Collins;South Jim;0353 Williamson Burg Suite 122;84642578142;large;
Mason-Sawyer;South Jeffrey;8327 Timothy Stravenue Suite 743;8 (139) 939-95-11;big;plastic
Mccann PLC;New Crystalbury;19509 Victor Radial Suite 207;+7 (381) 806-42-01;large;plastic
Yu-Jones;South Miguel;592 Walton Knoll Apt. 098;8 (297) 084-14-96;big;plastic
Holt, Flynn and Hall;Buckleymouth;2674 Wilson Prairie;+74515802629;medium;plastic
Davis, Miranda and Jensen;Wilsontown;88092 Sarah Shoals Apt. 830;8 139 391 82 34;large;wood
Reed Inc;Ashleymouth;253 Joseph Ridge;+7 (700) 161-28-15;tiny;metal
Anderson and Sons;East Tiffany;6719 Lisa Freeway Suite 199;8 200 566 64 43;large;plastic
Anderson, Oneill and Reid;Lake Sara;9395 Kristina Keys Apt. 344;+71767610015;big;metal
Davis Inc;North Melanie;86275 Renee Flats;8 (743) 061-37-40;large;plastic
Greene, Snyder and Thomas;New Douglas;06570 Crystal Way Apt. 441;+7 459 400 92 87;tiny;plastic
Nash, Flynn and Hunt;Karenhaven;4219 Wesley Parkway Suite 878;+7 107 329 4647;small;
Hawkins-Thomas;Lake Dominiquemouth;782 Bradley Center;8 617 398 0689;large;
Jackson, Salazar and Farmer;North Donald;595 John Highway Apt. 263;8 (910) 325-2875;large;metal
Middleton-Mathis;Gonzalezbury;08700 Clinton Isle;8 (377) 981-0810;small;
Larson-Kelly;Lake Aprilstad;5909 Tracy Drive Apt. 777;8 767 853 8059;small;metal
James Ltd;West Ruthville;244 Matthew Springs;+7 502 693 6666;tiny;
